timestamp,x,y,z,r,flaps,aux1,aux2,aux3,aux4,aux5,mode_switch,return_switch,rattitude_switch,posctl_switch,loiter_switch,acro_switch,offboard_switch,kill_switch,arm_switch,transition_switch,gear_switch,mode_slot,data_source,stab_switch,man_switch
194490844,0.0,0.0,0.0,0.9514563,0.0,0.0,0.0,0.0,0.0,0.0,0,0,0,0,0,0,0,0,0,0,0,5,1,0,0
194694645,0.0,0.0,0.0,0.8548934,0.0,0.0,0.0,0.0,0.0,0.0,0,0,0,0,0,0,0,0,0,0,0,5,1,0,0
194910649,0.0,0.0,0.0,0.06289292,0.0,0.0,0.0,0.0,0.0,0.0,0,0,0,0,0,0,0,0,0,0,0,5,1,0,0
195106764,0.0,0.0,0.0,-2.8479739e-05,0.0,0.0,0.0,0.0,0.0,0.0,0,0,0,0,0,0,0,0,0,0,0,5,1,0,0
195306716,0.0,0.0,0.0,-1.7712848e-09,0.0,0.0,0.0,0.0,0.0,0.0,0,0,0,0,0,0,0,0,0,0,0,5,1,0,0
195507542,0.0,0.0,0.0,1.3600442e-11,0.0,0.0,0.0,0.0,0.0,0.0,0,0,0,0,0,0,0,0,0,0,0,5,1,0,0
195707542,0.0,0.0,0.0,-1.1117335e-14,0.0,0.0,0.0,0.0,0.0,0.0,0,0,0,0,0,0,0,0,0,0,0,5,1,0,0
195931536,0.0,0.0,0.0,-1.7583672e-18,0.0,0.0,0.0,0.0,0.0,0.0,0,0,0,0,0,0,0,0,0,0,0,5,1,0,0
196135478,0.0,0.0,0.0,2.0840256e-21,0.0,0.0,0.0,0.0,0.0,0.0,0,0,0,0,0,0,0,0,0,0,0,5,1,0,0
196332339,0.0,0.0,0.0,-1.0741378e-24,0.0,0.0,0.0,0.0,0.0,0.0,0,0,0,0,0,0,0,0,0,0,0,5,1,0,0
196532330,0.0,0.0,0.0,5.5113964e-29,0.0,0.0,0.0,0.0,0.0,0.0,0,0,0,0,0,0,0,0,0,0,0,5,1,0,0
196744600,0.0,0.0,0.0,4.065713e-31,0.0,0.0,0.0,0.0,0.0,0.0,0,0,0,0,0,0,0,0,0,0,0,5,1,0,0
196944340,0.0,0.0,0.0,-3.780831e-34,0.0,0.0,0.0,0.0,0.0,0.0,0,0,0,0,0,0,0,0,0,0,0,5,1,0,0
197140586,0.0,0.0,0.0,1.5780344e-37,0.0,0.0,0.0,0.0,0.0,0.0,0,0,0,0,0,0,0,0,0,0,0,5,1,0,0
197337051,0.0,0.0,0.0,2.2344e-41,0.0,0.0,0.0,0.0,0.0,0.0,0,0,0,0,0,0,0,0,0,0,0,5,1,0,0
197553054,0.0,0.0,0.0,-8.7e-44,0.0,0.0,0.0,0.0,0.0,0.0,0,0,0,0,0,0,0,0,0,0,0,5,1,0,0
197749134,0.0,0.0,0.0,0.0,0.0,0.0,0.0,0.0,0.0,0.0,0,0,0,0,0,0,0,0,0,0,0,5,1,0,0
197949107,0.0,0.0,0.0,0.0,0.0,0.0,0.0,0.0,0.0,0.0,0,0,0,0,0,0,0,0,0,0,0,5,1,0,0
198153051,0.0,0.0,0.0,0.0,0.0,0.0,0.0,0.0,0.0,0.0,0,0,0,0,0,0,0,0,0,0,0,5,1,0,0
198366286,0.0,0.0,0.0,0.0,0.0,0.0,0.0,0.0,0.0,0.0,0,0,0,0,0,0,0,0,0,0,0,5,1,0,0
198565842,0.0,0.0,0.0,0.0,0.0,0.0,0.0,0.0,0.0,0.0,0,0,0,0,0,0,0,0,0,0,0,5,1,0,0
198762169,0.0,0.0,0.0,0.0,0.0,0.0,0.0,0.0,0.0,0.0,0,0,0,0,0,0,0,0,0,0,0,5,1,0,0
198961925,0.0,0.0,0.0,0.0,0.0,0.0,0.0,0.0,0.0,0.0,0,0,0,0,0,0,0,0,0,0,0,5,1,0,0
199162731,0.0,0.0,0.0,0.0,0.0,0.0,0.0,0.0,0.0,0.0,0,0,0,0,0,0,0,0,0,0,0,5,1,0,0
199366647,0.0,0.0,0.0,0.0,0.0,0.0,0.0,0.0,0.0,0.0,0,0,0,0,0,0,0,0,0,0,0,5,1,0,0
199582645,0.0,0.0,0.0,0.0,0.0,0.0,0.0,0.0,0.0,0.0,0,0,0,0,0,0,0,0,0,0,0,5,1,0,0
199774760,0.0,0.0,0.0,0.0,0.0,0.0,0.0,0.0,0.0,0.0,0,0,0,0,0,0,0,0,0,0,0,5,1,0,0
199978745,0.0,0.0,0.0,0.0,0.0,0.0,0.0,0.0,0.0,0.0,0,0,0,0,0,0,0,0,0,0,0,5,1,0,0
200172362,0.0,0.0,0.004103447,0.0,0.0,0.0,0.0,0.0,0.0,0.0,0,0,0,0,0,0,0,0,0,0,0,5,1,0,0
200396339,0.0,0.0,0.019234287,0.0,0.0,0.0,0.0,0.0,0.0,0.0,0,0,0,0,0,0,0,0,0,0,0,5,1,0,0
200600582,0.0,0.0,0.032490097,0.0,0.0,0.0,0.0,0.0,0.0,0.0,0,0,0,0,0,0,0,0,0,0,0,5,1,0,0
200797148,0.0,0.0,0.03245196,0.0,0.0,0.0,0.0,0.0,0.0,0.0,0,0,0,0,0,0,0,0,0,0,0,5,1,0,0
200993184,0.0,0.0,0.032451924,0.0,0.0,0.0,0.0,0.0,0.0,0.0,0,0,0,0,0,0,0,0,0,0,0,5,1,0,0
201193132,0.0,0.0,0.044450622,0.0,0.0,0.0,0.0,0.0,0.0,0.0,0,0,0,0,0,0,0,0,0,0,0,5,1,0,0
201413052,0.0,0.0,0.04928287,0.0,0.0,0.0,0.0,0.0,0.0,0.0,0,0,0,0,0,0,0,0,0,0,0,5,1,0,0
201609450,0.0,0.0,0.049278848,0.0,0.0,0.0,0.0,0.0,0.0,0.0,0,0,0,0,0,0,0,0,0,0,0,5,1,0,0
201806759,0.0,0.0,0.04927885,0.0,0.0,0.0,0.0,0.0,0.0,0.0,0,0,0,0,0,0,0,0,0,0,0,5,1,0,0
202018772,0.0,0.0,0.049278848,0.0,0.0,0.0,0.0,0.0,0.0,0.0,0,0,0,0,0,0,0,0,0,0,0,5,1,0,0
202214714,0.0,0.6734027,0.049278848,0.0,0.0,0.0,0.0,0.0,0.0,0.0,0,0,0,0,0,0,0,0,0,0,0,5,1,0,0
202415547,0.0,0.99608827,0.049278848,0.0,0.0,0.0,0.0,0.0,0.0,0.0,0,0,0,0,0,0,0,0,0,0,0,5,1,0,0
202623631,0.0,0.022945972,0.04927885,0.0,0.0,0.0,0.0,0.0,0.0,0.0,0,0,0,0,0,0,0,0,0,0,0,5,1,0,0
202827533,0.0,7.882226e-06,0.049278848,0.0,0.0,0.0,0.0,0.0,0.0,0.0,0,0,0,0,0,0,0,0,0,0,0,5,1,0,0
203031446,0.0,-1.659022e-08,0.049278848,0.0,0.0,0.0,0.0,0.0,0.0,0.0,0,0,0,0,0,0,0,0,0,0,0,5,1,0,0
203232268,0.0,0.9607094,0.049278848,0.0,0.0,0.0,0.0,0.0,0.0,0.0,0,0,0,0,0,0,0,0,0,0,0,5,1,0,0
203436327,0.0,1.0,0.04927885,0.0,0.0,0.0,0.0,0.0,0.0,0.0,0,0,0,0,0,0,0,0,0,0,0,5,1,0,0
203632336,0.0,0.12008693,0.049278848,0.0,0.0,0.0,0.0,0.0,0.0,0.0,0,0,0,0,0,0,0,0,0,0,0,5,1,0,0
203832348,0.0,-4.2324158e-05,0.049278848,0.0,0.0,0.0,0.0,0.0,0.0,0.0,0,0,0,0,0,0,0,0,0,0,0,5,1,0,0
204040346,0.0,-1.3900395e-08,0.049278848,0.0,0.0,0.0,0.0,0.0,0.0,0.0,0,0,0,0,0,0,0,0,0,0,0,5,1,0,0
204245141,0.0,0.023622602,0.04927885,0.0,0.0,0.0,0.0,0.0,0.0,0.0,0,0,0,0,0,0,0,0,0,0,0,5,1,0,0
204449052,0.0,1.0,0.049278848,0.0,0.0,0.0,0.0,0.0,0.0,0.0,0,0,0,0,0,0,0,0,0,0,0,5,1,0,0
204657152,0.0,1.0,0.049278848,0.0,0.0,0.0,0.0,0.0,0.0,0.0,0,0,0,0,0,0,0,0,0,0,0,5,1,0,0
204849384,0.0,-0.018915068,0.049278848,0.0,0.0,0.0,0.0,0.0,0.0,0.0,0,0,0,0,0,0,0,0,0,0,0,5,1,0,0
205053927,0.0,1.4466994e-05,0.04927885,0.0,0.0,0.0,0.0,0.0,0.0,0.0,0,0,0,0,0,0,0,0,0,0,0,5,1,0,0
205253846,0.0,-4.616826e-09,0.049278848,0.0,0.0,0.0,0.0,0.0,0.0,0.0,0,0,0,0,0,0,0,0,0,0,0,5,1,0,0
205462176,0.0,0.5623256,0.049278848,0.0,0.0,0.0,0.0,0.0,0.0,0.0,0,0,0,0,0,0,0,0,0,0,0,5,1,0,0
205661921,0.0,1.0,0.049278848,0.0,0.0,0.0,0.0,0.0,0.0,0.0,0,0,0,0,0,0,0,0,0,0,0,5,1,0,0
205865939,0.0,0.9999998,0.04927885,0.0,0.0,0.0,0.0,0.0,0.0,0.0,0,0,0,0,0,0,0,0,0,0,0,5,1,0,0
206070646,0.0,0.0020913705,0.049278848,0.0,0.0,0.0,0.0,0.0,0.0,0.0,0,0,0,0,0,0,0,0,0,0,0,5,1,0,0
206274728,0.0,-1.5919063e-06,0.049278848,0.0,0.0,0.0,0.0,0.0,0.0,0.0,0,0,0,0,0,0,0,0,0,0,0,5,1,0,0
206466741,0.0,2.407053e-09,0.049278848,0.0,0.0,0.0,0.0,0.0,0.0,0.0,0,0,0,0,0,0,0,0,0,0,0,5,1,0,0
206678969,0.0,0.87622875,0.049278848,0.0,0.0,0.0,0.0,0.0,0.0,0.0,0,0,0,0,0,0,0,0,0,0,0,5,1,0,0
206891523,0.0,0.9999677,0.049278848,0.0,0.0,0.0,0.0,0.0,0.0,0.0,0,0,0,0,0,0,0,0,0,0,0,5,1,0,0
207091446,0.0,0.9798957,0.049278848,0.0,0.0,0.0,0.0,0.0,0.0,0.0,0,0,0,0,0,0,0,0,0,0,0,5,1,0,0
207295523,0.0012996257,0.0006322731,0.049278848,0.0,0.0,0.0,0.0,0.0,0.0,0.0,0,0,0,0,0,0,0,0,0,0,0,5,1,0,0
207499551,-9.0781543e-07,-2.2962386e-06,0.04927885,0.0,0.0,0.0,0.0,0.0,0.0,0.0,0,0,0,0,0,0,0,0,0,0,0,5,1,0,0
207699503,2.4201008e-10,1.7359578e-09,0.049278848,0.0,0.0,0.0,0.0,0.0,0.0,0.0,0,0,0,0,0,0,0,0,0,0,0,5,1,0,0
207892335,1.7309396e-13,-5.427606e-13,0.049278848,0.0,0.0,0.0,0.0,0.0,0.0,0.0,0,0,0,0,0,0,0,0,0,0,0,5,1,0,0
208112333,-7.792065e-17,-3.3459996e-16,0.04927885,0.0,0.0,0.0,0.0,0.0,0.0,0.0,0,0,0,0,0,0,0,0,0,0,0,5,1,0,0
208308568,-8.300792e-21,1.5878887e-19,0.049278848,0.0,0.0,0.0,0.0,0.0,0.0,0.0,0,0,0,0,0,0,0,0,0,0,0,5,1,0,0
208504314,4.0225122e-23,3.0780374e-24,0.08303865,0.0,0.0,0.0,0.0,0.0,0.0,0.0,0,0,0,0,0,0,0,0,0,0,0,5,1,0,0
208713134,-3.1584934e-26,-6.9897914e-26,0.0902843,0.0,0.0,0.0,0.0,0.0,0.0,0.0,0,0,0,0,0,0,0,0,0,0,0,5,1,0,0
208917050,1.0532985e-29,5.968667e-29,0.09278691,0.0,0.0,0.0,0.0,0.0,0.0,0.0,0,0,0,0,0,0,0,0,0,0,0,5,1,0,0
209121132,4.1787006e-33,-2.2493299e-32,0.099878825,0.0,0.0,0.0,0.0,0.0,0.0,0.0,0,0,0,0,0,0,0,0,0,0,0,5,1,0,0
209317369,-8.104534e-36,-5.6376165e-36,0.11593012,0.0,0.0,0.0,0.0,0.0,0.0,0.0,0,0,0,0,0,0,0,0,0,0,0,5,1,0,0
209517216,5.302862e-39,1.4440078e-38,0.12580475,0.0,0.0,0.0,0.0,0.0,0.0,0.0,0,0,0,0,0,0,0,0,0,0,0,5,1,0,0
209725842,-1.197e-42,-1.0214e-41,0.13941967,0.0,0.0,0.0,0.0,0.0,0.0,0.0,0,0,0,0,0,0,0,0,0,0,0,5,1,0,0
209937840,0.0,-1e-45,0.13942307,0.0,0.0,0.0,0.0,0.0,0.0,0.0,0,0,0,0,0,0,0,0,0,0,0,5,1,0,0
210129848,0.0,0.0,0.13822003,0.0,0.0,0.0,0.0,0.0,0.0,0.0,0,0,0,0,0,0,0,0,0,0,0,5,1,0,0
210341842,0.0,0.0,0.13822116,0.0,0.0,0.0,0.0,0.0,0.0,0.0,0,0,0,0,0,0,0,0,0,0,0,5,1,0,0
210531524,0.0,0.0,0.13822116,0.0,0.0,0.0,0.0,0.0,0.0,0.0,0,0,0,0,0,0,0,0,0,0,0,5,1,0,0
210731552,0.0,0.0,0.13822116,0.0,0.0,0.0,0.0,0.0,0.0,0.0,0,0,0,0,0,0,0,0,0,0,0,5,1,0,0
210939773,0.0,0.0,0.13822117,0.0,0.0,0.0,0.0,0.0,0.0,0.0,0,0,0,0,0,0,0,0,0,0,0,5,1,0,0
211139512,0.0,0.0,0.13822116,0.0,0.0,0.0,0.0,0.0,0.0,0.0,0,0,0,0,0,0,0,0,0,0,0,5,1,0,0
211356327,0.0,0.0,0.13822116,0.0,0.0,0.0,0.0,0.0,0.0,0.0,0,0,0,0,0,0,0,0,0,0,0,5,1,0,0
211552579,0.0,0.0,0.13822117,0.0,0.0,0.0,0.0,0.0,0.0,0.0,0,0,0,0,0,0,0,0,0,0,0,5,1,0,0
211764355,0.0,0.0,0.13822116,0.0,0.0,0.0,0.0,0.0,0.0,0.0,0,0,0,0,0,0,0,0,0,0,0,5,1,0,0
211956319,0.0,0.0,0.13822116,0.0,0.0,0.0,0.0,0.0,0.0,0.0,0,0,0,0,0,0,0,0,0,0,0,5,1,0,0
212161052,0.0,0.14344843,0.13822116,0.0,0.0,0.0,0.0,0.0,0.0,0.0,0,0,0,0,0,0,0,0,0,0,0,5,1,0,0
212373146,0.0038902834,1.0,0.13822116,0.0,0.0,0.0,0.0,0.0,0.0,0.0,0,0,0,0,0,0,0,0,0,0,0,5,1,0,0
212569122,-1.5217507e-06,0.5246767,0.13822117,0.0,0.0,0.0,0.0,0.0,0.0,0.0,0,0,0,0,0,0,0,0,0,0,0,5,1,0,0
212777369,-3.1887334e-10,-0.00020777262,0.13822116,0.0,0.0,0.0,0.0,0.0,0.0,0.0,0,0,0,0,0,0,0,0,0,0,0,5,1,0,0
212965845,-2.674937e-13,1.4497384e-07,0.13822116,0.0,0.0,0.0,0.0,0.0,0.0,0.0,0,0,0,0,0,0,0,0,0,0,0,5,1,0,0
213182840,-6.69834e-16,-1.311934e-10,0.13822116,0.0,0.0,0.0,0.0,0.0,0.0,0.0,0,0,0,0,0,0,0,0,0,0,0,5,1,0,0
213382724,1.94048e-19,0.5271835,0.13822117,0.0,0.0,0.0,0.0,0.0,0.0,0.0,0,0,0,0,0,0,0,0,0,0,0,5,1,0,0
213582647,1.1421051e-22,0.9993821,0.13822116,0.0,0.0,0.0,0.0,0.0,0.0,0.0,0,0,0,0,0,0,0,0,0,0,0,5,1,0,0
213776362,-1.8179123e-25,0.104654536,0.13822116,0.0,0.0,0.0,0.0,0.0,0.0,0.0,0,0,0,0,0,0,0,0,0,0,0,5,1,0,0
213976367,1.1027916e-28,-4.5137695e-05,0.13822116,0.0,0.0,0.0,0.0,0.0,0.0,0.0,0,0,0,0,0,0,0,0,0,0,0,5,1,0,0
214200343,2.832109e-32,-1.3845808e-08,0.13822116,0.0,0.0,0.0,0.0,0.0,0.0,0.0,0,0,0,0,0,0,0,0,0,0,0,5,1,0,0
214401846,-2.316737e-35,9.999355e-12,0.13822116,0.0,0.0,0.0,0.0,0.0,0.0,0.0,0,0,0,0,0,0,0,0,0,0,0,5,1,0,0
214598147,8.22697e-39,1.0,0.13822116,0.0,0.0,0.0,0.0,0.0,0.0,0.0,0,0,0,0,0,0,0,0,0,0,0,5,1,0,0
214797907,2.627e-42,0.9321958,0.13822117,0.0,0.0,0.0,0.0,0.0,0.0,0.0,0,0,0,0,0,0,0,0,0,0,0,5,1,0,0
214998757,-4e-45,0.00047821205,0.13822116,0.0,0.0,0.0,0.0,0.0,0.0,0.0,0,0,0,0,0,0,0,0,0,0,0,5,1,0,0
215210737,0.0,-1.63582e-06,0.13822116,0.0,0.0,0.0,0.0,0.0,0.0,0.0,0,0,0,0,0,0,0,0,0,0,0,5,1,0,0
215406978,0.0,1.2249196e-09,0.13822116,0.0,0.0,0.0,0.0,0.0,0.0,0.0,0,0,0,0,0,0,0,0,0,0,0,5,1,0,0
215610728,0.0,-3.7639545e-13,0.13797289,0.0,0.0,0.0,0.0,0.0,0.0,0.0,0,0,0,0,0,0,0,0,0,0,0,5,1,0,0
215814644,0.0,-1.9005963e-16,0.13701859,0.0,0.0,0.0,0.0,0.0,0.0,0.0,0,0,0,0,0,0,0,0,0,0,0,5,1,0,0
216011445,0.0,3.2515754e-19,0.13701923,0.0,0.0,0.0,0.0,0.0,0.0,0.0,0,0,0,0,0,0,0,0,0,0,0,5,1,0,0
216219524,0.0,-2.0326825e-22,0.13701923,0.0,0.0,0.0,0.0,0.0,0.0,0.0,0,0,0,0,0,0,0,0,0,0,0,5,1,0,0
216419522,0.0,3.972933e-26,0.13821323,0.0,0.0,0.0,0.0,0.0,0.0,0.0,0,0,0,0,0,0,0,0,0,0,0,5,1,0,0
216619447,0.0,5.1373525e-29,0.14339729,0.0,0.0,0.0,0.0,0.0,0.0,0.0,0,0,0,0,0,0,0,0,0,0,0,5,1,0,0
216820330,0.0,-6.1642677e-32,0.14978597,0.0,0.0,0.0,0.0,0.0,0.0,0.0,0,0,0,0,0,0,0,0,0,0,0,5,1,0,0
217028583,0.0,3.2041023e-35,0.17022231,0.0,0.0,0.0,0.0,0.0,0.0,0.0,0,0,0,0,0,0,0,0,0,0,0,5,1,0,0
217228326,0.0,-1.865322e-39,0.18376212,0.0,0.0,0.0,0.0,0.0,0.0,0.0,0,0,0,0,0,0,0,0,0,0,0,5,1,0,0
217448322,0.0,-7.201e-42,0.20421067,0.0,0.0,0.0,0.0,0.0,0.0,0.0,0,0,0,0,0,0,0,0,0,0,0,5,1,0,0
217649134,0.0,3e-45,0.21581203,0.0,0.0,0.0,0.0,0.0,0.0,0.0,0,0,0,0,0,0,0,0,0,0,0,5,1,0,0
217833049,0.0,0.0,0.23358846,0.0,0.0,0.0,0.0,0.0,0.0,0.0,0,0,0,0,0,0,0,0,0,0,0,5,1,0,0
218057130,0.0,0.0,0.25462148,0.0,0.0,0.0,0.0,0.0,0.0,0.0,0,0,0,0,0,0,0,0,0,0,0,5,1,0,0
218253354,0.0,0.0,0.26519263,0.0,0.0,0.0,0.0,0.0,0.0,0.0,0,0,0,0,0,0,0,0,0,0,0,5,1,0,0
218457103,0.0,0.0,0.28079936,0.0,0.0,0.0,0.0,0.0,0.0,0.0,0,0,0,0,0,0,0,0,0,0,0,5,1,0,0
218657844,0.0,0.0,0.30376124,0.0,0.0,0.0,0.0,0.0,0.0,0.0,0,0,0,0,0,0,0,0,0,0,0,5,1,0,0
218866175,0.0,0.0,0.33103028,0.0,0.0,0.0,0.0,0.0,0.0,0.0,0,0,0,0,0,0,0,0,0,0,0,5,1,0,0
219053921,0.0,0.0,0.35765553,0.0,0.0,0.0,0.0,0.0,0.0,0.0,0,0,0,0,0,0,0,0,0,0,0,5,1,0,0
219273923,0.0,0.0,0.3746801,0.0,0.0,0.0,0.0,0.0,0.0,0.0,0,0,0,0,0,0,0,0,0,0,0,5,1,0,0
219458756,0.0,0.0,0.38399717,0.0,0.0,0.0,0.0,0.0,0.0,0.0,0,0,0,0,0,0,0,0,0,0,0,5,1,0,0
219659102,0.0,0.0,0.39640638,0.0,0.0,0.0,0.0,0.0,0.0,0.0,0,0,0,0,0,0,0,0,0,0,0,5,1,0,0
219878848,0.0,0.0,0.40454945,0.0,0.0,0.0,0.0,0.0,0.0,0.0,0,0,0,0,0,0,0,0,0,0,0,5,1,0,0
220074740,0.0,0.0,0.41559198,0.0,0.0,0.0,0.0,0.0,0.0,0.0,0,0,0,0,0,0,0,0,0,0,0,5,1,0,0
220271094,0.0,0.0,0.42906833,0.0,0.0,0.0,0.0,0.0,0.0,0.0,0,0,0,0,0,0,0,0,0,0,0,5,1,0,0
220491523,0.0,0.0,0.44472787,0.0,0.0,0.0,0.0,0.0,0.0,0.0,0,0,0,0,0,0,0,0,0,0,0,5,1,0,0
220671549,0.0,0.0,0.454596,0.0,0.0,0.0,0.0,0.0,0.0,0.0,0,0,0,0,0,0,0,0,0,0,0,5,1,0,0
220891535,0.0,0.0,0.46022192,0.0,0.0,0.0,0.0,0.0,0.0,0.0,0,0,0,0,0,0,0,0,0,0,0,5,1,0,0
221087535,0.0,0.0,0.4669733,0.0,0.0,0.0,0.0,0.0,0.0,0.0,0,0,0,0,0,0,0,0,0,0,0,5,1,0,0
221292332,0.0,0.0,0.46754774,0.0,0.0,0.0,0.0,0.0,0.0,0.0,0,0,0,0,0,0,0,0,0,0,0,5,1,0,0
221496587,0.0,0.0,0.46754804,0.0,0.0,0.0,0.0,0.0,0.0,0.0,0,0,0,0,0,0,0,0,0,0,0,5,1,0,0
221700332,0.0,0.0,0.46754804,0.0,0.0,0.0,0.0,0.0,0.0,0.0,0,0,0,0,0,0,0,0,0,0,0,5,1,0,0
221900320,0.0,0.0,0.46754804,0.0,0.0,0.0,0.0,0.0,0.0,0.0,0,0,0,0,0,0,0,0,0,0,0,5,1,0,0
222096310,0.0,0.0,0.46754804,0.0,0.0,0.0,0.0,0.0,0.0,0.0,0,0,0,0,0,0,0,0,0,0,0,5,1,0,0
222297150,0.0,0.0,0.46754804,0.0,0.0,0.0,0.0,0.0,0.0,0.0,0,0,0,0,0,0,0,0,0,0,0,5,1,0,0
222517057,0.0,0.0,0.46754804,0.0,0.0,0.0,0.0,0.0,0.0,0.0,0,0,0,0,0,0,0,0,0,0,0,5,1,0,0
222721368,0.0,0.0,0.46754804,0.0,0.0,0.0,0.0,0.0,0.0,0.0,0,0,0,0,0,0,0,0,0,0,0,5,1,0,0
222909116,0.0,0.0,0.46754804,0.0,0.0,0.0,0.0,0.0,0.0,0.0,0,0,0,0,0,0,0,0,0,0,0,5,1,0,0
223129924,0.0,0.0,0.46754804,0.0,0.0,0.0,0.0,0.0,0.0,0.0,0,0,0,0,0,0,0,0,0,0,0,5,1,0,0
223334174,0.0,0.0,0.46754804,0.0,0.0,0.0,0.0,0.0,0.0,0.0,0,0,0,0,0,0,0,0,0,0,0,5,1,0,0
223517846,0.0,0.0,0.46754804,0.0,0.0,0.0,0.0,0.0,0.0,0.0,0,0,0,0,0,0,0,0,0,0,0,5,1,0,0
223725848,0.0,0.0,0.46761534,0.0,0.0,0.0,0.0,0.0,0.0,0.0,0,0,0,0,0,0,0,0,0,0,0,5,1,0,0
223926740,0.0,0.0,0.46636048,0.0,0.0,0.0,0.0,0.0,0.0,0.0,0,0,0,0,0,0,0,0,0,0,0,5,1,0,0
224138769,0.0,0.0,0.46680564,0.0,0.0,0.0,0.0,0.0,0.0,0.0,0,0,0,0,0,0,0,0,0,0,0,5,1,0,0
224342972,0.0,0.0,0.46761414,0.0,0.0,0.0,0.0,0.0,0.0,0.0,0,0,0,0,0,0,0,0,0,0,0,5,1,0,0
224550646,0.0,0.0,0.46712413,0.0,0.0,0.0,0.0,0.0,0.0,0.0,0,0,0,0,0,0,0,0,0,0,0,5,1,0,0
224742645,0.0,0.0,0.46754825,0.0,0.0,0.0,0.0,0.0,0.0,0.0,0,0,0,0,0,0,0,0,0,0,0,5,1,0,0
224955773,0.0,0.0,0.46754804,0.0,0.0,0.0,0.0,0.0,0.0,0.0,0,0,0,0,0,0,0,0,0,0,0,5,1,0,0
225155447,0.0,0.0,0.46754804,0.0,0.0,0.0,0.0,0.0,0.0,0.0,0,0,0,0,0,0,0,0,0,0,0,5,1,0,0
225359447,0.0,0.0,0.46754804,0.0,0.0,0.0,0.0,0.0,0.0,0.0,0,0,0,0,0,0,0,0,0,0,0,5,1,0,0
225563445,0.0,0.0,0.4742546,0.0,0.0,0.0,0.0,0.0,0.0,0.0,0,0,0,0,0,0,0,0,0,0,0,5,1,0,0
225760330,0.0,0.0,0.48911536,0.0,0.0,0.0,0.0,0.0,0.0,0.0,0,0,0,0,0,0,0,0,0,0,0,5,1,0,0
225968394,0.0,0.0,0.49063227,0.0,0.0,0.0,0.0,0.0,0.0,0.0,0,0,0,0,0,0,0,0,0,0,0,5,1,0,0
226164332,0.0,0.0,0.5013685,0.0,0.0,0.0,0.0,0.0,0.0,0.0,0,0,0,0,0,0,0,0,0,0,0,5,1,0,0
226368321,0.0,0.0,0.5078132,0.0,0.0,0.0,0.0,0.0,0.0,0.0,0,0,0,0,0,0,0,0,0,0,0,5,1,0,0
226568325,0.0,0.0,0.5177989,0.0,0.0,0.0,0.0,0.0,0.0,0.0,0,0,0,0,0,0,0,0,0,0,0,5,1,0,0
226769052,0.0,0.0,0.5302531,0.0,0.0,0.0,0.0,0.0,0.0,0.0,0,0,0,0,0,0,0,0,0,0,0,5,1,0,0
226981155,0.0,0.0,0.540867,0.0,0.0,0.0,0.0,0.0,0.0,0.0,0,0,0,0,0,0,0,0,0,0,0,5,1,0,0
227185139,0.0,0.0,0.54811645,0.0,0.0,0.0,0.0,0.0,0.0,0.0,0,0,0,0,0,0,0,0,0,0,0,5,1,0,0
227393102,0.0,0.0,0.56381464,0.0,0.0,0.0,0.0,0.0,0.0,0.0,0,0,0,0,0,0,0,0,0,0,0,5,1,0,0
227573966,0.0,0.0,0.5720549,0.0,0.0,0.0,0.0,0.0,0.0,0.0,0,0,0,0,0,0,0,0,0,0,0,5,1,0,0
227785845,0.0,0.0,0.5721154,0.0,0.0,0.0,0.0,0.0,0.0,0.0,0,0,0,0,0,0,0,0,0,0,0,5,1,0,0
227993926,0.0,0.0,0.579669,0.0,0.0,0.0,0.0,0.0,0.0,0.0,0,0,0,0,0,0,0,0,0,0,0,5,1,0,0
228193845,0.0,0.0,0.5793268,0.0,0.0,0.0,0.0,0.0,0.0,0.0,0,0,0,0,0,0,0,0,0,0,0,5,1,0,0
228390647,0.0,0.0,0.5794047,0.0,0.0,0.0,0.0,0.0,0.0,0.0,0,0,0,0,0,0,0,0,0,0,0,5,1,0,0
228594991,0.0,0.0,0.58173084,0.0,0.0,0.0,0.0,0.0,0.0,0.0,0,0,0,0,0,0,0,0,0,0,0,5,1,0,0
228802645,0.0,0.0,0.5817308,0.0,0.0,0.0,0.0,0.0,0.0,0.0,0,0,0,0,0,0,0,0,0,0,0,5,1,0,0
229002724,0.0,0.0,0.5817308,0.0,0.0,0.0,0.0,0.0,0.0,0.0,0,0,0,0,0,0,0,0,0,0,0,5,1,0,0
229210740,0.0,0.0,0.5817308,0.0,0.0,0.0,0.0,0.0,0.0,0.0,0,0,0,0,0,0,0,0,0,0,0,5,1,0,0
229415443,0.0,0.0,0.57922345,0.0,0.0,0.0,0.0,0.0,0.0,0.0,0,0,0,0,0,0,0,0,0,0,0,5,1,0,0
229623524,0.0,0.0,0.5793272,0.0,0.0,0.0,0.0,0.0,0.0,0.0,0,0,0,0,0,0,0,0,0,0,0,5,1,0,0
229819802,0.0,0.0,0.5793269,0.0,0.0,0.0,0.0,0.0,0.0,0.0,0,0,0,0,0,0,0,0,0,0,0,5,1,0,0
230019445,0.0,0.0,0.5787386,0.0,0.0,0.0,0.0,0.0,0.0,0.0,0,0,0,0,0,0,0,0,0,0,0,5,1,0,0
230232330,0.0,0.0,0.57932705,0.0,0.0,0.0,0.0,0.0,0.0,0.0,0,0,0,0,0,0,0,0,0,0,0,5,1,0,0
230424366,0.0,0.0,0.5817125,0.0,0.0,0.0,0.0,0.0,0.0,0.0,0,0,0,0,0,0,0,0,0,0,0,5,1,0,0
230624332,0.0,0.0,0.5817308,0.0,0.0,0.0,0.0,0.0,0.0,0.0,0,0,0,0,0,0,0,0,0,0,0,5,1,0,0
230840335,0.0,0.0,0.6062407,0.0,0.0,0.0,0.0,0.0,0.0,0.0,0,0,0,0,0,0,0,0,0,0,0,5,1,0,0
231040338,0.0,0.0,0.6182069,0.0,0.0,0.0,0.0,0.0,0.0,0.0,0,0,0,0,0,0,0,0,0,0,0,5,1,0,0
231241131,0.0,0.0,0.6177882,0.0,0.0,0.0,0.0,0.0,0.0,0.0,0,0,0,0,0,0,0,0,0,0,0,5,1,0,0
231441374,0.0,0.0,0.6237584,0.0,0.0,0.0,0.0,0.0,0.0,0.0,0,0,0,0,0,0,0,0,0,0,0,5,1,0,0
231649051,0.0,0.0,0.6237981,0.0,0.0,0.0,0.0,0.0,0.0,0.0,0,0,0,0,0,0,0,0,0,0,0,5,1,0,0
231845124,0.0,0.0,0.6360692,0.0,0.0,0.0,0.0,0.0,0.0,0.0,0,0,0,0,0,0,0,0,0,0,0,5,1,0,0
232061926,0.0,0.0,0.63584304,0.0,0.0,0.0,0.0,0.0,0.0,0.0,0,0,0,0,0,0,0,0,0,0,0,5,1,0,0
232265847,0.0,0.0,0.63580966,0.0,0.0,0.0,0.0,0.0,0.0,0.0,0,0,0,0,0,0,0,0,0,0,0,5,1,0,0
232461874,0.0,0.0,0.63536125,0.0,0.0,0.0,0.0,0.0,0.0,0.0,0,0,0,0,0,0,0,0,0,0,0,5,1,0,0
232669845,0.0,0.0,0.63581735,0.0,0.0,0.0,0.0,0.0,0.0,0.0,0,0,0,0,0,0,0,0,0,0,0,5,1,0,0
232861846,0.0,0.0,0.64783,0.0,0.0,0.0,0.0,0.0,0.0,0.0,0,0,0,0,0,0,0,0,0,0,0,5,1,0,0
233062976,0.0,0.0,0.6682852,0.0,0.0,0.0,0.0,0.0,0.0,0.0,0,0,0,0,0,0,0,0,0,0,0,5,1,0,0
233270841,0.0,0.0,0.6694723,0.0,0.0,0.0,0.0,0.0,0.0,0.0,0,0,0,0,0,0,0,0,0,0,0,5,1,0,0
233470733,0.0,0.0,0.680164,0.0,0.0,0.0,0.0,0.0,0.0,0.0,0,0,0,0,0,0,0,0,0,0,0,5,1,0,0
233686649,0.0,0.0,0.69471353,0.0,0.0,0.0,0.0,0.0,0.0,0.0,0,0,0,0,0,0,0,0,0,0,0,5,1,0,0
233887525,0.0,0.0,0.6971069,0.0,0.0,0.0,0.0,0.0,0.0,0.0,0,0,0,0,0,0,0,0,0,0,0,5,1,0,0
234083527,0.0,0.0,0.7046585,0.0,0.0,0.0,0.0,0.0,0.0,0.0,0,0,0,0,0,0,0,0,0,0,0,5,1,0,0
234283521,0.0,0.0,0.7079338,0.0,0.0,0.0,0.0,0.0,0.0,0.0,0,0,0,0,0,0,0,0,0,0,0,5,1,0,0
234479504,0.0,0.0,0.7081811,0.0,0.0,0.0,0.0,0.0,0.0,0.0,0,0,0,0,0,0,0,0,0,0,0,5,1,0,0
234688339,0.0,0.0,0.723532,0.0,0.0,0.0,0.0,0.0,0.0,0.0,0,0,0,0,0,0,0,0,0,0,0,5,1,0,0
234904345,0.0,0.0,0.72439426,0.0,0.0,0.0,0.0,0.0,0.0,0.0,0,0,0,0,0,0,0,0,0,0,0,5,1,0,0
235100332,0.0,0.0,0.7347258,0.0,0.0,0.0,0.0,0.0,0.0,0.0,0,0,0,0,0,0,0,0,0,0,0,5,1,0,0
235296566,0.0,0.0,0.74233204,0.0,0.0,0.0,0.0,0.0,0.0,0.0,0,0,0,0,0,0,0,0,0,0,0,5,1,0,0
235496320,0.0,0.0,0.74773026,0.0,0.0,0.0,0.0,0.0,0.0,0.0,0,0,0,0,0,0,0,0,0,0,0,5,1,0,0
235713154,0.0,0.0,0.7692139,0.0,0.0,0.0,0.0,0.0,0.0,0.0,0,0,0,0,0,0,0,0,0,0,0,5,1,0,0
235917123,0.0,0.0,0.8068712,0.0,0.0,0.0,0.0,0.0,0.0,0.0,0,0,0,0,0,0,0,0,0,0,0,5,1,0,0
236105125,0.0,0.0,0.80889297,0.0,0.0,0.0,0.0,0.0,0.0,0.0,0,0,0,0,0,0,0,0,0,0,0,5,1,0,0
236317056,0.0,0.0,0.8172528,0.0,0.0,0.0,0.0,0.0,0.0,0.0,0,0,0,0,0,0,0,0,0,0,0,5,1,0,0
236513849,0.0,0.0,0.8381313,0.0,0.0,0.0,0.0,0.0,0.0,0.0,0,0,0,0,0,0,0,0,0,0,0,5,1,0,0
236713938,0.0,0.0,0.8558342,0.0,0.0,0.0,0.0,0.0,0.0,0.0,0,0,0,0,0,0,0,0,0,0,0,5,1,0,0
236918183,0.0,0.0,0.8654321,0.0,0.0,0.0,0.0,0.0,0.0,0.0,0,0,0,0,0,0,0,0,0,0,0,5,1,0,0
237121846,0.0,0.0,0.8824306,0.0,0.0,0.0,0.0,0.0,0.0,0.0,0,0,0,0,0,0,0,0,0,0,0,5,1,0,0
237337926,0.0,0.0,0.9102263,0.0,0.0,0.0,0.0,0.0,0.0,0.0,0,0,0,0,0,0,0,0,0,0,0,5,1,0,0
237534841,0.0,0.0,0.922776,0.0,0.0,0.0,0.0,0.0,0.0,0.0,0,0,0,0,0,0,0,0,0,0,0,5,1,0,0
237734646,0.0,0.0,0.92725956,0.0,0.0,0.0,0.0,0.0,0.0,0.0,0,0,0,0,0,0,0,0,0,0,0,5,1,0,0
237934646,0.0,0.0,0.9515446,0.0,0.0,0.0,0.0,0.0,0.0,0.0,0,0,0,0,0,0,0,0,0,0,0,5,1,0,0
238138755,0.0,0.0,0.96928227,0.0,0.0,0.0,0.0,0.0,0.0,0.0,0,0,0,0,0,0,0,0,0,0,0,5,1,0,0
238351525,0.0,0.0,0.99144727,0.0,0.0,0.0,0.0,0.0,0.0,0.0,0,0,0,0,0,0,0,0,0,0,0,5,1,0,0
238555526,0.0,0.0,1.0,0.0,0.0,0.0,0.0,0.0,0.0,0.0,0,0,0,0,0,0,0,0,0,0,0,5,1,0,0
238751554,0.0,0.0,1.0,0.0,0.0,0.0,0.0,0.0,0.0,0.0,0,0,0,0,0,0,0,0,0,0,0,5,1,0,0
238947510,0.0,0.0,1.0,0.0,0.0,0.0,0.0,0.0,0.0,0.0,0,0,0,0,0,0,0,0,0,0,0,5,1,0,0
239147522,0.0,0.0,1.0,0.0,0.0,0.0,0.0,0.0,0.0,0.0,0,0,0,0,0,0,0,0,0,0,0,5,1,0,0
239348327,0.0,0.0,1.0,0.0,0.0,0.0,0.0,0.0,0.0,0.0,0,0,0,0,0,0,0,0,0,0,0,5,1,0,0
239564359,0.0,0.0,1.0,0.0,0.0,0.0,0.0,0.0,0.0,0.0,0,0,0,0,0,0,0,0,0,0,0,5,1,0,0
239764568,0.0,0.0,1.0,0.0,0.0,0.0,0.0,0.0,0.0,0.0,0,0,0,0,0,0,0,0,0,0,0,5,1,0,0
239964326,0.0,0.0,1.0,0.0,0.0,0.0,0.0,0.0,0.0,0.0,0,0,0,0,0,0,0,0,0,0,0,5,1,0,0
240165125,0.0,0.0,1.0,0.0,0.0,0.0,0.0,0.0,0.0,0.0,0,0,0,0,0,0,0,0,0,0,0,5,1,0,0
240361161,0.0,0.0,1.0,0.0,0.0,0.0,0.0,0.0,0.0,0.0,0,0,0,0,0,0,0,0,0,0,0,5,1,0,0
240569124,0.0,0.0,1.0,0.0,0.0,0.0,0.0,0.0,0.0,0.0,0,0,0,0,0,0,0,0,0,0,0,5,1,0,0
240781149,0.0,0.0,0.99498045,0.0,0.0,0.0,0.0,0.0,0.0,0.0,0,0,0,0,0,0,0,0,0,0,0,5,1,0,0
240985110,0.0,0.0,0.99033785,0.0,0.0,0.0,0.0,0.0,0.0,0.0,0,0,0,0,0,0,0,0,0,0,0,5,1,0,0
241190737,0.0,0.0,0.97087806,0.0,0.0,0.0,0.0,0.0,0.0,0.0,0,0,0,0,0,0,0,0,0,0,0,5,1,0,0
241386734,0.0,0.0,0.9480722,0.0,0.0,0.0,0.0,0.0,0.0,0.0,0,0,0,0,0,0,0,0,0,0,0,5,1,0,0
241578740,0.0,0.0,0.9259054,0.0,0.0,0.0,0.0,0.0,0.0,0.0,0,0,0,0,0,0,0,0,0,0,0,5,1,0,0
241803527,0.0,0.0,0.8902327,0.0,0.0,0.0,0.0,0.0,0.0,0.0,0,0,0,0,0,0,0,0,0,0,0,5,1,0,0
242003528,0.0,0.0,0.8582355,0.0,0.0,0.0,0.0,0.0,0.0,0.0,0,0,0,0,0,0,0,0,0,0,0,5,1,0,0
242203447,0.0,0.0,0.84109056,0.0,0.0,0.0,0.0,0.0,0.0,0.0,0,0,0,0,0,0,0,0,0,0,0,5,1,0,0
242407524,0.0,0.0,0.7822364,0.0,0.0,0.0,0.0,0.0,0.0,0.0,0,0,0,0,0,0,0,0,0,0,0,5,1,0,0
242609136,0.0,0.0,0.7513152,0.0,0.0,0.0,0.0,0.0,0.0,0.0,0,0,0,0,0,0,0,0,0,0,0,5,1,0,0
242805138,0.0,0.0,0.72222507,0.0,0.0,0.0,0.0,0.0,0.0,0.0,0,0,0,0,0,0,0,0,0,0,0,5,1,0,0
243013064,0.0,0.0,0.6631673,0.0,0.0,0.0,0.0,0.0,0.0,0.0,0,0,0,0,0,0,0,0,0,0,0,5,1,0,0
243201109,0.0,0.0,0.6358417,0.0,0.0,0.0,0.0,0.0,0.0,0.0,0,0,0,0,0,0,0,0,0,0,0,5,1,0,0
243413937,0.0,0.0,0.6112649,0.0,0.0,0.0,0.0,0.0,0.0,0.0,0,0,0,0,0,0,0,0,0,0,0,5,1,0,0
243614170,0.0,0.0,0.5914685,0.0,0.0,0.0,0.0,0.0,0.0,0.0,0,0,0,0,0,0,0,0,0,0,0,5,1,0,0
243813921,0.0,0.0,0.5762302,0.0,0.0,0.0,0.0,0.0,0.0,0.0,0,0,0,0,0,0,0,0,0,0,0,5,1,0,0
244025936,0.0,0.0,0.54193634,0.0,0.0,0.0,0.0,0.0,0.0,0.0,0,0,0,0,0,0,0,0,0,0,0,5,1,0,0
244222750,0.0,0.0,0.5225955,0.0,0.0,0.0,0.0,0.0,0.0,0.0,0,0,0,0,0,0,0,0,0,0,0,5,1,0,0
244426722,0.0,0.0,0.4913804,0.0,0.0,0.0,0.0,0.0,0.0,0.0,0,0,0,0,0,0,0,0,0,0,0,5,1,0,0
244642722,0.0,0.0,0.4573406,0.0,0.0,0.0,0.0,0.0,0.0,0.0,0,0,0,0,0,0,0,0,0,0,0,5,1,0,0
244834724,0.0,0.0,0.4435453,0.0,0.0,0.0,0.0,0.0,0.0,0.0,0,0,0,0,0,0,0,0,0,0,0,5,1,0,0
245038746,0.0,0.0,0.41204292,0.0,0.0,0.0,0.0,0.0,0.0,0.0,0,0,0,0,0,0,0,0,0,0,0,5,1,0,0
245243446,0.0,0.0,0.38460162,0.0,0.0,0.0,0.0,0.0,0.0,0.0,0,0,0,0,0,0,0,0,0,0,0,5,1,0,0
245447535,0.0,0.0,0.37366885,0.0,0.0,0.0,0.0,0.0,0.0,0.0,0,0,0,0,0,0,0,0,0,0,0,5,1,0,0
245639447,0.0,0.0,0.34680638,0.0,0.0,0.0,0.0,0.0,0.0,0.0,0,0,0,0,0,0,0,0,0,0,0,5,1,0,0
245863446,0.0,0.0,0.3218185,0.0,0.0,0.0,0.0,0.0,0.0,0.0,0,0,0,0,0,0,0,0,0,0,0,5,1,0,0
246060329,0.0,0.0,0.3032274,0.0,0.0,0.0,0.0,0.0,0.0,0.0,0,0,0,0,0,0,0,0,0,0,0,5,1,0,0
246256335,0.0,0.0,0.2622819,0.0,0.0,0.0,0.0,0.0,0.0,0.0,0,0,0,0,0,0,0,0,0,0,0,5,1,0,0
246456329,0.0,0.0,0.20297867,0.0,0.0,0.0,0.0,0.0,0.0,0.0,0,0,0,0,0,0,0,0,0,0,0,5,1,0,0
246672343,0.0,0.0,0.14319465,0.0,0.0,0.0,0.0,0.0,0.0,0.0,0,0,0,0,0,0,0,0,0,0,0,5,1,0,0
246876311,0.0,0.0,0.04433987,0.0,0.0,0.0,0.0,0.0,0.0,0.0,0,0,0,0,0,0,0,0,0,0,0,5,1,0,0
247081164,0.0,0.0,4.3611697e-05,0.0,0.0,0.0,0.0,0.0,0.0,0.0,0,0,0,0,0,0,0,0,0,0,0,5,1,0,0
247269050,0.0,0.0,0.0,0.0,0.0,0.0,0.0,0.0,0.0,0.0,0,0,0,0,0,0,0,0,0,0,0,5,1,0,0
247469353,0.0,0.0,7.674166e-12,-0.012416904,0.0,0.0,0.0,0.0,0.0,0.0,0,0,0,0,0,0,0,0,0,0,0,5,1,0,0
247689051,0.0,0.0,1.9193983e-14,-0.9992327,0.0,0.0,0.0,0.0,0.0,0.0,0,0,0,0,0,0,0,0,0,0,0,5,1,0,0
247885927,0.0,0.0,0.0,-0.99999976,0.0,0.0,0.0,0.0,0.0,0.0,0,0,0,0,0,0,0,0,0,0,0,5,1,0,0
248089934,0.0,0.0,0.0,-1.0,0.0,0.0,0.0,0.0,0.0,0.0,0,0,0,0,0,0,0,0,0,0,0,5,1,0,0
248277938,0.0,0.0,1.1380166e-24,-1.0,0.0,0.0,0.0,0.0,0.0,0.0,0,0,0,0,0,0,0,0,0,0,0,5,1,0,0
248481930,0.0,0.0,0.0,-1.0,0.0,0.0,0.0,0.0,0.0,0.0,0,0,0,0,0,0,0,0,0,0,0,5,1,0,0
248694981,0.0,0.0,5.5262938e-31,-1.0,0.0,0.0,0.0,0.0,0.0,0.0,0,0,0,0,0,0,0,0,0,0,0,5,1,0,0
248890736,0.0,0.0,8.554245e-34,-0.9972652,0.0,0.0,0.0,0.0,0.0,0.0,0,0,0,0,0,0,0,0,0,0,0,5,1,0,0
249098757,0.0,0.0,0.0,-0.99453294,0.0,0.0,0.0,0.0,0.0,0.0,0,0,0,0,0,0,0,0,0,0,0,5,1,0,0
249290963,0.0,0.0,1.315242e-39,-0.9945355,0.0,0.0,0.0,0.0,0.0,0.0,0,0,0,0,0,0,0,0,0,0,0,5,1,0,0
249494745,0.0,0.0,0.0,-0.94248146,0.0,0.0,0.0,0.0,0.0,0.0,0,0,0,0,0,0,0,0,0,0,0,5,1,0,0
