timestamp,timestamp_sample,control[0],control[1],control[2],control[3],control[4],control[5],control[6],control[7]
194509443,194509343,-0.018921964,0.005354508,1.5061711,0.0,0.0,0.0,0.0,0.0
194613449,194613350,-0.048979025,0.004934869,1.5112957,0.0,0.0,0.0,0.0,0.0
194713442,194713343,-0.05438934,0.0038044453,0.97833157,0.0,0.0,0.0,0.0,0.0
194817512,194817343,0.025462443,-0.004405311,0.09815144,0.0,0.0,0.0,0.0,0.0
194917557,194917359,0.051237077,-0.0027660176,0.015253206,0.0,0.0,0.0,0.0,0.0
195021479,195021346,-0.04349212,0.002738309,-0.0009805823,0.0,0.0,0.0,0.0,0.0
195121472,195121347,-0.024757845,0.0010240168,-0.0013014391,0.0,0.0,0.0,0.0,0.0
195221456,195221343,0.009813032,-6.6494686e-06,0.0029567075,0.0,0.0,0.0,0.0,0.0
195325442,195325343,-0.0074591073,0.0014263564,0.00010848546,0.0,0.0,0.0,0.0,0.0
195426258,195426143,-0.02435742,0.0027345945,-0.0020314383,0.0,0.0,0.0,0.0,0.0
195526247,195526144,-0.013719501,-0.00028602697,0.0014179858,0.0,0.0,0.0,0.0,0.0
195630244,195630143,0.010772731,0.00029995755,0.0011520993,0.0,0.0,0.0,0.0,0.0
195730242,195730143,-0.014320761,0.0025083267,-0.0015136241,0.0,0.0,0.0,0.0,0.0
195830251,195830143,-0.021925095,0.0036043676,0.0009508134,0.0,0.0,0.0,0.0,0.0
195934246,195934143,0.023193058,-0.0010403247,0.0017656712,0.0,0.0,0.0,0.0,0.0
196034242,196034143,0.014556298,0.002062776,-0.0011963287,0.0,0.0,0.0,0.0,0.0
196138252,196138143,-0.022471197,0.0013627046,0.0007238219,0.0,0.0,0.0,0.0,0.0
196238246,196238143,0.00075445743,-0.0017074686,0.0019362677,0.0,0.0,0.0,0.0,0.0
196339056,196338943,0.03180405,-0.0045478507,9.6197546e-05,0.0,0.0,0.0,0.0,0.0
196439051,196438943,0.040748216,-0.0049260166,-0.00047582836,0.0,0.0,0.0,0.0,0.0
196543055,196542943,-0.04395982,0.0074117854,0.0014286702,0.0,0.0,0.0,0.0,0.0
196643053,196642943,-0.019052241,0.0030688785,0.001008682,0.0,0.0,0.0,0.0,0.0
196747060,196746943,0.022725515,-0.0032464082,-0.00074714766,0.0,0.0,0.0,0.0,0.0
196847050,196846943,-0.009162801,0.0011914845,0.001335061,0.0,0.0,0.0,0.0,0.0
196947054,196946943,-0.024016228,0.005276285,0.0009914329,0.0,0.0,0.0,0.0,0.0
197051054,197050943,0.013827871,-0.0010324658,-0.0008157245,0.0,0.0,0.0,0.0,0.0
197151050,197150943,0.007368258,-0.0015208255,0.0006133315,0.0,0.0,0.0,0.0,0.0
197251848,197251743,-0.00034750023,-0.002542046,0.0010364512,0.0,0.0,0.0,0.0,0.0
197355841,197355743,-0.0011498223,0.0015031993,0.00025522147,0.0,0.0,0.0,0.0,0.0
197455844,197455743,0.00062886096,-0.000116148265,0.00020426519,0.0,0.0,0.0,0.0,0.0
197555848,197555743,0.005075264,0.00014462328,0.0008734337,0.0,0.0,0.0,0.0,0.0
197659939,197659744,-0.0054220995,0.0022968142,8.864729e-05,0.0,0.0,0.0,0.0,0.0
197759842,197759743,-0.005472309,0.0045395424,0.0006592642,0.0,0.0,0.0,0.0,0.0
197859842,197859743,-0.002824812,0.002804177,0.0018509474,0.0,0.0,0.0,0.0,0.0
197963889,197963790,0.00943092,-0.0009790938,-0.00054417434,0.0,0.0,0.0,0.0,0.0
198063842,198063743,0.004448386,-0.0001867495,-0.00044888607,0.0,0.0,0.0,0.0,0.0
198164653,198164543,-0.0014354952,0.002011358,0.00087625545,0.0,0.0,0.0,0.0,0.0
198268646,198268554,-0.015133879,0.0002494484,0.0005575929,0.0,0.0,0.0,0.0,0.0
198368691,198368592,0.011437956,-0.0040794727,-0.00062710955,0.0,0.0,0.0,0.0,0.0
198472650,198472543,0.015556963,0.0006825995,0.00045342697,0.0,0.0,0.0,0.0,0.0
198572647,198572543,-0.018559234,0.007181364,0.001285374,0.0,0.0,0.0,0.0,0.0
198672644,198672543,-0.047890086,0.007818538,0.00065805705,0.0,0.0,0.0,0.0,0.0
198776644,198776543,0.036877993,-0.006120492,-0.00012217925,0.0,0.0,0.0,0.0,0.0
198876646,198876543,0.0659276,-0.007824101,5.4507935e-05,0.0,0.0,0.0,0.0,0.0
198976651,198976543,0.044690244,-0.0024747897,1.5050554e-05,0.0,0.0,0.0,0.0,0.0
199080644,199080543,-0.053340413,0.006103873,0.00038055616,0.0,0.0,0.0,0.0,0.0
199181489,199181357,-0.01115741,0.00037492882,0.0006764811,0.0,0.0,0.0,0.0,0.0
199281447,199281343,0.040115915,-0.004801503,0.0002916768,0.0,0.0,0.0,0.0,0.0
199385442,199385343,-0.024673624,0.0036214667,0.0004527253,0.0,0.0,0.0,0.0,0.0
199485448,199485344,-0.061670102,0.0060575465,0.0009289736,0.0,0.0,0.0,0.0,0.0
199585446,199585343,-0.053268917,0.00401925,0.001467693,0.0,0.0,0.0,0.0,0.0
199689456,199689343,0.055048175,-0.0027591821,7.902434e-05,0.0,0.0,0.0,0.0,0.0
199789452,199789353,0.008501478,0.003168332,-0.0002497043,0.0,0.0,0.0,0.0,0.0
199893448,199893343,-0.025617573,0.0011161544,0.0010510541,0.0,0.0,0.0,0.0,0.0
199993442,199993343,0.034284484,-0.00608766,0.00079739775,0.0,0.0,0.0,0.0,0.0
200095052,200094943,0.06918834,-0.002739342,-0.0010199528,0.003743161,0.0,0.0,0.0,0.0
200195141,200194944,0.0284578,0.0014154405,-0.0004112551,0.004103447,0.0,0.0,0.0,0.0
200299052,200298943,-0.012083443,-0.0014812326,0.0007685449,0.019526295,0.0,0.0,0.0,0.0
200399059,200398943,0.061468452,-0.0060996036,0.00084101764,0.019226337,0.0,0.0,0.0,0.0
200499050,200498943,-0.05899086,0.0055747153,-0.000518175,0.02683209,0.0,0.0,0.0,0.0
200603062,200602943,-0.027691709,0.0045001935,0.0011329956,0.032721784,0.0,0.0,0.0,0.0
200703935,200703743,0.05072363,-0.007255875,0.00026256754,0.032456018,0.0,0.0,0.0,0.0
200803846,200803743,-0.055246722,0.009984465,-0.00039151777,0.03245196,0.0,0.0,0.0,0.0
200907842,200907743,-0.047884062,0.0070656138,0.0032219475,0.03245192,0.0,0.0,0.0,0.0
201007842,201007743,0.033242397,-0.005877172,-0.0022590547,0.032451924,0.0,0.0,0.0,0.0
201107848,201107743,-0.00017715269,0.002542404,0.0016872656,0.04423226,0.0,0.0,0.0,0.0
201212042,201211790,0.014028949,-6.817927e-05,-0.00059703825,0.044450622,0.0,0.0,0.0,0.0
201311844,201311743,-0.034719486,0.009199312,-0.00013329813,0.04957367,0.0,0.0,0.0,0.0
201415846,201415743,-0.012107022,0.0067246384,0.0027343757,0.04927652,0.0,0.0,0.0,0.0
201515845,201515743,-0.040860295,0.008267851,-0.001351117,0.049278714,0.0,0.0,0.0,0.0
201616644,201616543,-0.018374315,0.0008366044,0.0026867841,0.049278848,0.0,0.0,0.0,0.0
201717509,201717343,-0.009865885,-0.0031916052,-0.0006279861,0.049278848,0.0,0.0,0.0,0.0
201821435,201821343,-0.017885644,0.00038211382,0.0021211351,0.04927885,0.0,0.0,0.0,0.0
201921435,201921343,-0.017980209,0.00038125468,0.0011414887,0.04927885,0.0,0.0,0.0,0.0
202021442,202021343,0.0035981245,0.0014458279,-0.0014433681,0.04927885,0.0,0.0,0.0,0.0
202125445,202125346,-0.013554264,0.0026985947,0.0017125572,0.049278848,0.0,0.0,0.0,0.0
202225447,202225343,0.49059543,0.004354777,-0.0020723296,0.049278848,0.0,0.0,0.0,0.0
202326251,202326143,1.865797,0.0036425116,0.0021867065,0.049278848,0.0,0.0,0.0,0.0
202430240,202430145,1.8805591,-0.0013818424,-0.00032832174,0.049278848,0.0,0.0,0.0,0.0
202530246,202530143,0.21115576,-0.008934437,-0.0026136485,0.049278848,0.0,0.0,0.0,0.0
202634251,202634143,-0.018353553,0.0020847674,0.0009514894,0.04927885,0.0,0.0,0.0,0.0
202734249,202734145,0.015238718,-0.005521087,0.0011312487,0.04927885,0.0,0.0,0.0,0.0
202834247,202834143,-0.00046331147,-0.0011105279,-0.0011311475,0.049278848,0.0,0.0,0.0,0.0
202938234,202938143,0.006519904,-0.0012344241,0.0016676476,0.049278848,0.0,0.0,0.0,0.0
203038274,203038143,-0.0076305354,-0.0014465015,8.064819e-05,0.049278848,0.0,0.0,0.0,0.0
203142236,203142143,0.037764803,-0.0029114846,0.0006706065,0.049278848,0.0,0.0,0.0,0.0
203243073,203242964,1.5778352,-0.0042992425,0.0014233852,0.049278848,0.0,0.0,0.0,0.0
203343054,203342943,1.851957,-0.004644043,-0.00026128377,0.049278848,0.0,0.0,0.0,0.0
203443053,203442943,1.8337097,0.005761397,0.0027851888,0.04927885,0.0,0.0,0.0,0.0
203547062,203546943,0.90543735,-0.007684743,0.00045315453,0.049278848,0.0,0.0,0.0,0.0
203647051,203646943,0.11125034,-0.015457894,-0.0029444364,0.049278848,0.0,0.0,0.0,0.0
203747052,203746943,-0.03290195,0.00843393,-0.0014833742,0.049278848,0.0,0.0,0.0,0.0
203851051,203850943,-0.039207138,0.005866141,0.0046359072,0.049278848,0.0,0.0,0.0,0.0
203951054,203950943,-0.012779635,0.00015631244,-0.0029460504,0.049278848,0.0,0.0,0.0,0.0
204055055,204054943,-0.048819587,0.009944825,0.0027686192,0.049278848,0.0,0.0,0.0,0.0
204155846,204155743,-0.021954816,0.0066162786,0.00019886464,0.049278848,0.0,0.0,0.0,0.0
204255844,204255743,0.020950299,0.0014821534,-0.0014307713,0.04927885,0.0,0.0,0.0,0.0
204355842,204355743,0.36742187,-0.0011069007,0.0018861721,0.04927885,0.0,0.0,0.0,0.0
204459891,204459790,1.8347504,-0.00018826626,-0.0012330804,0.049278848,0.0,0.0,0.0,0.0
204559842,204559743,1.8337462,0.0015495734,-0.0001374037,0.049278848,0.0,0.0,0.0,0.0
204663840,204663744,1.9340277,-0.0041655395,0.00032639861,0.049278848,0.0,0.0,0.0,0.0
204763846,204763743,0.59448427,-0.006617263,-0.00081790425,0.049278848,0.0,0.0,0.0,0.0
204863844,204863743,-0.02502634,-0.0029369032,-0.0005416994,0.049278848,0.0,0.0,0.0,0.0
204967846,204967743,0.05037567,-0.013497364,0.0018726243,0.049278848,0.0,0.0,0.0,0.0
205068647,205068543,0.058049012,-0.008858606,-0.002461278,0.04927885,0.0,0.0,0.0,0.0
205168648,205168543,0.012431984,0.0001652946,0.002358402,0.04927885,0.0,0.0,0.0,0.0
205272642,205272543,0.0303073,-0.001813396,-0.00021068908,0.049278848,0.0,0.0,0.0,0.0
205372644,205372543,0.016401496,-0.0044461237,-0.00029391848,0.049278848,0.0,0.0,0.0,0.0
205472651,205472543,0.2930146,-0.004263217,0.0025046323,0.049278848,0.0,0.0,0.0,0.0
205576650,205576543,1.9061149,0.016557205,-0.0023298443,0.049278848,0.0,0.0,0.0,0.0
205676642,205676543,1.8854488,0.0043482045,0.0005788132,0.049278848,0.0,0.0,0.0,0.0
205780656,205780543,1.9015638,-0.0014721991,0.001763712,0.049278848,0.0,0.0,0.0,0.0
205880642,205880543,1.9015359,0.011005066,-0.00057178613,0.04927885,0.0,0.0,0.0,0.0
205981444,205981343,0.01700231,0.012342571,-0.00018326774,0.049278848,0.0,0.0,0.0,0.0
206081446,206081343,-0.08178201,0.019723052,0.0028207116,0.049278848,0.0,0.0,0.0,0.0
206185444,206185346,0.022121865,-0.00453649,-0.00086204114,0.049278848,0.0,0.0,0.0,0.0
206285445,206285343,-0.0054145884,-0.0001046065,0.00072158483,0.049278848,0.0,0.0,0.0,0.0
206389442,206389343,-0.021776,0.0026433899,0.0017254375,0.049278848,0.0,0.0,0.0,0.0
206489445,206489343,0.0175768,-0.0048466837,-0.0009252901,0.049278848,0.0,0.0,0.0,0.0
206589448,206589343,0.03849301,-0.0051181656,0.0010288124,0.049278848,0.0,0.0,0.0,0.0
206693444,206693343,1.1190108,-0.009123392,-0.001472686,0.049278848,0.0,0.0,0.0,0.0
206793445,206793343,1.8723701,0.0075148474,0.0020168158,0.04927885,0.0,0.0,0.0,0.0
206894250,206894154,1.9123557,-0.0075093745,0.0021170226,0.04927885,0.0,0.0,0.0,0.0
206998241,206998143,1.8538965,0.0048549427,-0.0017780267,0.049278848,0.0,0.0,0.0,0.0
207098255,207098152,1.6505893,0.01927243,-4.5384924e-05,0.049278848,0.0,0.0,0.0,0.0
207198249,207198143,-0.0055533946,0.02148223,0.0027495036,0.049278848,0.0,0.0,0.0,0.0
207302245,207302143,0.07486861,-0.014770212,-0.00087498967,0.049278848,0.0,0.0,0.0,0.0
207402246,207402143,0.0253941,-0.009667825,-0.0009775904,0.049278848,0.0,0.0,0.0,0.0
207506249,207506143,-0.04384247,0.006787326,0.0024698833,0.04927885,0.0,0.0,0.0,0.0
207606244,207606143,-0.030995756,0.0062625795,0.0006128183,0.04927885,0.0,0.0,0.0,0.0
207706246,207706143,0.011616451,-0.0010195397,-0.00057754305,0.049278848,0.0,0.0,0.0,0.0
207807047,207806946,0.04113534,-0.0066966866,0.000599961,0.049278848,0.0,0.0,0.0,0.0
207911053,207910943,0.03747536,-0.0049478626,-0.0009153516,0.049278848,0.0,0.0,0.0,0.0
208011052,208010943,0.048679918,-0.010075357,-0.0005872588,0.049278848,0.0,0.0,0.0,0.0
208115101,208114991,0.02960518,-0.00074905297,0.001973172,0.049278848,0.0,0.0,0.0,0.0
208215074,208214970,0.011651786,-0.0027364998,-0.0023672672,0.04927885,0.0,0.0,0.0,0.0
208315068,208314954,-0.043901257,0.0031347573,0.00341475,0.049278848,0.0,0.0,0.0,0.0
208419057,208418943,-0.03053607,0.002066893,-0.0021872863,0.08196787,0.0,0.0,0.0,0.0
208519056,208518943,-0.030331604,-0.0032160268,0.0030162283,0.08303865,0.0,0.0,0.0,0.0
208619056,208618943,0.03137002,-0.006200203,-0.0006294261,0.08583426,0.0,0.0,0.0,0.0
208723844,208723743,-0.026623808,-0.0011536452,0.0014561178,0.0902843,0.0,0.0,0.0,0.0
208823842,208823743,0.03210334,-0.0042386875,0.00070282863,0.092210695,0.0,0.0,0.0,0.0
208923847,208923743,-0.017654885,0.008402674,-0.00045754595,0.09278691,0.0,0.0,0.0,0.0
209027842,209027743,0.005094561,0.0029648952,0.0018314458,0.09628307,0.0,0.0,0.0,0.0
209127845,209127743,-0.002968004,-0.0019154323,-0.00045936136,0.099878825,0.0,0.0,0.0,0.0
209227938,209227743,-0.00367728,0.001558868,-6.364589e-05,0.10359354,0.0,0.0,0.0,0.0
209331889,209331790,-0.01119531,-0.005045137,1.2093568e-06,0.11593012,0.0,0.0,0.0,0.0
209431848,209431743,0.016912386,0.0006222454,0.0003184412,0.11963114,0.0,0.0,0.0,0.0
209535842,209535743,0.013507055,0.0016907129,0.00089463545,0.12580475,0.0,0.0,0.0,0.0
209636648,209636543,0.031918462,0.019619625,0.00075976225,0.13688992,0.0,0.0,0.0,0.0
209736635,209736543,0.022269273,0.02525066,0.002462468,0.13941967,0.0,0.0,0.0,0.0
209840652,209840543,0.0017669473,-0.020442687,-0.0011054331,0.13942334,0.0,0.0,0.0,0.0
209940646,209940543,-0.0009129918,-0.033695,-0.0031641652,0.13942309,0.0,0.0,0.0,0.0
210040642,210040543,-0.036055133,-0.019966494,0.0003614195,0.1381305,0.0,0.0,0.0,0.0
210144642,210144543,0.039920934,-0.0050005894,-0.0019940343,0.13822003,0.0,0.0,0.0,0.0
210244642,210244543,0.030438937,-0.013683982,0.0014973152,0.13822114,0.0,0.0,0.0,0.0
210344657,210344543,0.010673258,-0.018978449,-0.0011677021,0.13822117,0.0,0.0,0.0,0.0
210448646,210448543,0.009068725,-0.006350033,0.001338942,0.13822116,0.0,0.0,0.0,0.0
210550245,210550143,-0.030605843,-0.0084952265,-0.001079616,0.13822116,0.0,0.0,0.0,0.0
210650245,210650143,-0.052220643,-0.027750704,0.00030726136,0.13822116,0.0,0.0,0.0,0.0
210754251,210754143,0.059035085,0.06288472,0.00214069,0.13822116,0.0,0.0,0.0,0.0
210854248,210854143,0.033855345,-0.0134122195,-0.0008579132,0.13822116,0.0,0.0,0.0,0.0
210954242,210954143,-0.0043871836,-0.015266271,0.002051193,0.13822117,0.0,0.0,0.0,0.0
211058247,211058143,-0.017310105,0.016471185,-0.0009654565,0.13822116,0.0,0.0,0.0,0.0
211159049,211158943,-0.0048152665,0.029117018,0.003634963,0.13822116,0.0,0.0,0.0,0.0
211259054,211258943,0.041379366,0.06573392,8.189148e-06,0.13822116,0.0,0.0,0.0,0.0
211363062,211362943,-0.05189598,-0.044796385,0.0015573123,0.13822116,0.0,0.0,0.0,0.0
211463059,211462943,-0.03725615,0.007166094,-0.0008510509,0.13822116,0.0,0.0,0.0,0.0
211563060,211562943,-0.022366518,0.01240683,-0.00043094996,0.13822117,0.0,0.0,0.0,0.0
211667054,211666943,0.023762418,-0.010365023,0.0025048172,0.13822117,0.0,0.0,0.0,0.0
211767058,211766943,0.014154086,-0.022241365,-0.0022651341,0.13822117,0.0,0.0,0.0,0.0
211867053,211866943,0.002291465,-0.049836427,0.0020175048,0.13822116,0.0,0.0,0.0,0.0
211971054,211970943,0.0030484118,0.049162894,0.0006571172,0.13822116,0.0,0.0,0.0,0.0
212071853,212071743,0.04053136,0.0435208,0.0035341617,0.13822116,0.0,0.0,0.0,0.0
212171850,212171749,0.076955855,-0.0040561194,-0.0003444788,0.13822116,0.0,0.0,0.0,0.0
212275842,212275743,0.77114356,-0.027571235,-0.0005922836,0.13822116,0.0,0.0,0.0,0.0
212375848,212375743,1.7820759,-0.007998239,0.0011023051,0.13822116,0.0,0.0,0.0,0.0
212475842,212475743,1.8578153,0.00716093,0.0005706363,0.13822116,0.0,0.0,0.0,0.0
212579891,212579790,0.2537297,-0.0088854935,0.00024947242,0.13822117,0.0,0.0,0.0,0.0
212679842,212679743,-0.0049920403,-1.9234081e-05,0.0007315442,0.13822117,0.0,0.0,0.0,0.0
212783941,212783743,-0.015285402,0.0010057318,0.0011565131,0.13822116,0.0,0.0,0.0,0.0
212883842,212883743,0.021698365,-0.0086009335,0.00068029476,0.13822116,0.0,0.0,0.0,0.0
212985442,212985343,-0.00578162,-0.007321819,0.0008318058,0.13822116,0.0,0.0,0.0,0.0
213085451,213085343,0.0057053454,-0.01867975,0.00014380047,0.13822116,0.0,0.0,0.0,0.0
213189445,213189343,-0.01606338,0.024419608,0.00071043835,0.13822116,0.0,0.0,0.0,0.0
213289444,213289343,-0.0051046815,0.023894658,0.0023048774,0.13822116,0.0,0.0,0.0,0.0
213389445,213389343,0.26725948,0.023270527,0.0034166437,0.13822117,0.0,0.0,0.0,0.0
213493444,213493343,1.8088989,-0.01716809,-0.00010303514,0.13822117,0.0,0.0,0.0,0.0
213593442,213593343,1.8790407,0.0054034777,-0.0012572034,0.13822116,0.0,0.0,0.0,0.0
213695055,213694943,0.4489376,0.0019579367,-0.00075369066,0.13822116,0.0,0.0,0.0,0.0
213799045,213798943,-0.024756614,-0.00033193134,0.0031842464,0.13822116,0.0,0.0,0.0,0.0
213899047,213898943,-0.0032181318,0.002822111,-4.981072e-05,0.13822116,0.0,0.0,0.0,0.0
213999050,213998943,0.009545693,0.017687365,0.0026206688,0.13822116,0.0,0.0,0.0,0.0
214103053,214102943,-0.0070996094,-0.028092846,-0.002126944,0.13822117,0.0,0.0,0.0,0.0
214203060,214202943,-0.016221834,-0.033055186,-0.000777794,0.13822117,0.0,0.0,0.0,0.0
214304647,214304543,-0.039539713,-0.027588755,-0.0015901009,0.13822116,0.0,0.0,0.0,0.0
214404655,214404543,-0.043068975,-0.024686977,-5.666201e-05,0.13822116,0.0,0.0,0.0,0.0
214508642,214508543,0.07312897,0.015217484,0.00046318953,0.13822116,0.0,0.0,0.0,0.0
214608642,214608543,1.8703496,0.018960623,-0.0023279802,0.13822116,0.0,0.0,0.0,0.0
214712654,214712543,1.8463376,-0.0016465185,0.005496116,0.13822116,0.0,0.0,0.0,0.0
214812642,214812543,1.3921734,-0.0021052482,0.0006281316,0.13822117,0.0,0.0,0.0,0.0
214912648,214912543,0.11108256,0.0048694676,-0.0048126956,0.13822117,0.0,0.0,0.0,0.0
215013441,215013343,0.0114963,0.004761277,0.0029248963,0.13822116,0.0,0.0,0.0,0.0
215117504,215117343,-0.017531535,0.00078630354,-0.0004752733,0.13822116,0.0,0.0,0.0,0.0
215217505,215217343,0.024333686,-0.008236337,-0.001152147,0.13822116,0.0,0.0,0.0,0.0
215321448,215321343,-0.014712848,0.0065841665,0.0034039875,0.13822116,0.0,0.0,0.0,0.0
215421442,215421343,0.005055204,-0.0021656344,-0.0022770704,0.13822116,0.0,0.0,0.0,0.0
215521444,215521343,0.023568254,-0.008945618,0.003024516,0.13822117,0.0,0.0,0.0,0.0
215625491,215625363,-0.05165653,0.012512864,-0.0010577366,0.13797289,0.0,0.0,0.0,0.0
215725446,215725343,-0.051729824,-0.00031370565,0.002170347,0.13699587,0.0,0.0,0.0,0.0
215825446,215825343,-0.042857252,-0.013258716,0.00082393823,0.13701859,0.0,0.0,0.0,0.0
215930243,215930148,0.04916564,0.021379912,0.00013621054,0.13701922,0.0,0.0,0.0,0.0
216030287,216030192,0.03035822,-0.020346748,1.749981e-05,0.13701923,0.0,0.0,0.0,0.0
216130264,216130143,0.0080738105,-0.014832097,-0.0006076676,0.13701923,0.0,0.0,0.0,0.0
216234246,216234143,-0.023770036,-0.0006832449,0.0012992499,0.13701923,0.0,0.0,0.0,0.0
216334248,216334143,-0.018564498,-0.017543307,-0.00058018597,0.13785584,0.0,0.0,0.0,0.0
216438249,216438143,0.032969147,0.06858442,0.0027480756,0.13821323,0.0,0.0,0.0,0.0
216538237,216538143,0.05168964,0.07075926,0.0019857383,0.13822104,0.0,0.0,0.0,0.0
216638242,216638143,0.050214194,-0.008335303,0.00034635313,0.14339729,0.0,0.0,0.0,0.0
216742244,216742143,-0.02448554,-0.0031055482,0.0005203324,0.14896227,0.0,0.0,0.0,0.0
216843051,216842943,0.0020546285,0.011658069,-0.0011172091,0.14978597,0.0,0.0,0.0,0.0
216943058,216942943,0.020332476,0.02480795,0.0038142283,0.16552593,0.0,0.0,0.0,0.0
217047063,217046944,-0.027269855,-0.024688622,-0.0019090606,0.17022231,0.0,0.0,0.0,0.0
217147059,217146943,0.030784199,0.03392376,0.0028256362,0.17435828,0.0,0.0,0.0,0.0
217247056,217246943,-0.03381035,0.010551543,-0.0005807579,0.18376212,0.0,0.0,0.0,0.0
217351063,217350943,-0.0020301437,0.01925676,0.0017247982,0.20335443,0.0,0.0,0.0,0.0
217451057,217450943,0.0027052574,0.027932424,-0.00041965127,0.20336199,0.0,0.0,0.0,0.0
217551053,217550943,-0.0016618752,0.034759946,0.00076844613,0.20554286,0.0,0.0,0.0,0.0
217655846,217655743,0.0009459271,-0.019164275,-0.0015995621,0.21581203,0.0,0.0,0.0,0.0
217755843,217755743,0.0023338506,-0.011718928,-0.0002798789,0.2264076,0.0,0.0,0.0,0.0
217855847,217855743,0.0032894344,0.008015591,0.0019740346,0.23358846,0.0,0.0,0.0,0.0
217959843,217959743,-9.18803e-05,0.024081102,0.0003720607,0.24638426,0.0,0.0,0.0,0.0
218059849,218059743,-0.009998774,-0.021966755,0.0010398333,0.2524325,0.0,0.0,0.0,0.0
218159843,218159743,0.0080109285,-0.00949601,-9.5680356e-05,0.2605674,0.0,0.0,0.0,0.0
218263894,218263792,0.0011412536,-0.031946287,0.0036948256,0.26519263,0.0,0.0,0.0,0.0
218363843,218363743,0.020421298,-0.019798106,-0.002681532,0.27144817,0.0,0.0,0.0,0.0
218467846,218467743,0.002591381,0.0034917665,0.0035751015,0.28079936,0.0,0.0,0.0,0.0
218568647,218568543,-0.02546022,0.010610016,0.00049878814,0.28958216,0.0,0.0,0.0,0.0
218668643,218668543,-0.036303002,0.03585512,0.0013853615,0.30376124,0.0,0.0,0.0,0.0
218772637,218772543,-0.027498739,0.01469461,-0.0037174313,0.3255721,0.0,0.0,0.0,0.0
218872640,218872543,0.016298665,-0.015137158,0.007841302,0.33103028,0.0,0.0,0.0,0.0
218972643,218972543,-0.0024781907,-0.007228644,-0.0045694364,0.33960682,0.0,0.0,0.0,0.0
219076643,219076543,-0.006120113,0.024050113,0.005654383,0.35765553,0.0,0.0,0.0,0.0
219176646,219176543,0.0050741415,0.012625772,-0.005481259,0.3687024,0.0,0.0,0.0,0.0
219276657,219276544,0.013749411,0.008443546,0.009054241,0.37431246,0.0,0.0,0.0,0.0
219380646,219380543,0.0136463875,0.0091653485,-0.0038747427,0.3813798,0.0,0.0,0.0,0.0
219481447,219481343,-9.1483e-05,-0.0250838,0.0034025768,0.38399717,0.0,0.0,0.0,0.0
219581443,219581343,-0.0004371722,0.0152969975,0.0011649579,0.39439586,0.0,0.0,0.0,0.0
219685447,219685343,0.020497462,0.01811346,-0.00072623295,0.39640638,0.0,0.0,0.0,0.0
219785443,219785343,-0.0006279065,-0.044044312,0.0012885572,0.39900434,0.0,0.0,0.0,0.0
219885448,219885343,0.009201372,0.047486406,-0.0006889362,0.40454945,0.0,0.0,0.0,0.0
219989447,219989343,-0.009232316,0.015344771,0.0024700677,0.4106393,0.0,0.0,0.0,0.0
220089445,220089343,0.00023964245,-0.089820236,-0.006355614,0.41559198,0.0,0.0,0.0,0.0
220193448,220193343,0.019091051,0.050653588,0.0072038164,0.42878026,0.0,0.0,0.0,0.0
220293455,220293352,0.00202093,0.026228938,-0.0023550082,0.42906833,0.0,0.0,0.0,0.0
220394246,220394144,-0.034531474,-0.09886326,0.0061647375,0.44364926,0.0,0.0,0.0,0.0
220498256,220498144,-0.019616805,0.071832344,-0.0011770178,0.44472787,0.0,0.0,0.0,0.0
220598251,220598143,0.045251485,-0.04379823,0.0029193545,0.44671062,0.0,0.0,0.0,0.0
220698249,220698143,-0.013027004,-0.0013315883,-2.3742206e-05,0.454596,0.0,0.0,0.0,0.0
220802252,220802150,-0.00560788,0.12280742,0.005172342,0.45922527,0.0,0.0,0.0,0.0
220902243,220902143,0.011265063,-0.13647658,-0.0026095985,0.46022192,0.0,0.0,0.0,0.0
221002256,221002143,-0.055479795,0.13335313,0.002882034,0.4615527,0.0,0.0,0.0,0.0
221106243,221106143,0.054386806,-0.03610777,-0.0037397523,0.4669733,0.0,0.0,0.0,0.0
221206250,221206143,-0.005943909,-0.017170051,0.00489947,0.4675288,0.0,0.0,0.0,0.0
221307053,221306943,-0.010241921,0.0604456,-0.0046861847,0.46754774,0.0,0.0,0.0,0.0
221411062,221410943,0.0050060954,-0.1437258,0.003395503,0.4675481,0.0,0.0,0.0,0.0
221511055,221510943,-0.024468612,0.13688608,0.002301782,0.46754804,0.0,0.0,0.0,0.0
221611051,221610943,0.052789476,-0.12735972,0.0056883697,0.46754804,0.0,0.0,0.0,0.0
221715054,221714943,-0.024672847,0.016306246,-0.0010731564,0.46754804,0.0,0.0,0.0,0.0
221815056,221814943,0.0344238,0.03199213,-0.005881451,0.46754804,0.0,0.0,0.0,0.0
221919059,221918944,-0.023074452,-0.14024231,0.0028658144,0.46754804,0.0,0.0,0.0,0.0
222019053,222018943,-0.05736731,0.14710325,0.0019321954,0.46754804,0.0,0.0,0.0,0.0
222119849,222119743,0.03307921,-0.11719592,0.0060405624,0.46754804,0.0,0.0,0.0,0.0
222219843,222219743,0.005452151,0.12970653,-0.00030409568,0.46754804,0.0,0.0,0.0,0.0
222323896,222323790,0.019937256,0.026607819,0.0036198897,0.46754804,0.0,0.0,0.0,0.0
222423843,222423743,-0.017986607,-0.07382911,-0.0014956443,0.46754804,0.0,0.0,0.0,0.0
222527846,222527743,-0.039958205,0.15209214,0.009737514,0.46754804,0.0,0.0,0.0,0.0
222627843,222627743,0.030022189,-0.13805032,-0.0056248065,0.46754804,0.0,0.0,0.0,0.0
222727848,222727744,-0.03138116,0.14456192,0.014102418,0.46754804,0.0,0.0,0.0,0.0
222831843,222831743,0.051736347,-0.015656,-0.0120535595,0.46754804,0.0,0.0,0.0,0.0
222931847,222931743,-0.02227579,-0.054967523,0.010535277,0.46754804,0.0,0.0,0.0,0.0
223032646,223032543,0.0034823138,0.0877017,-0.008788223,0.46754804,0.0,0.0,0.0,0.0
223136646,223136543,0.0048299944,-0.157873,0.004719776,0.46754804,0.0,0.0,0.0,0.0
223236646,223236543,-0.06862588,0.1544809,0.0028041317,0.46754804,0.0,0.0,0.0,0.0
223336659,223336543,0.059041385,-0.15317799,-0.003582581,0.46754804,0.0,0.0,0.0,0.0
223440646,223440543,-0.012771436,0.0467406,0.0088159,0.46754804,0.0,0.0,0.0,0.0
223540647,223540543,0.053541213,0.0021915436,-0.012516782,0.46754804,0.0,0.0,0.0,0.0
223644655,223644543,-0.01282017,-0.14636007,0.007350934,0.46729976,0.0,0.0,0.0,0.0
223744644,223744543,-0.050451536,0.15385452,-0.004039431,0.46761534,0.0,0.0,0.0,0.0
223844646,223844543,0.0076536713,-0.16226117,0.009159356,0.46688318,0.0,0.0,0.0,0.0
223945471,223945375,-0.08984978,0.19115531,0.0002164481,0.46636048,0.0,0.0,0.0,0.0
224049443,224049343,0.048174664,-0.07616854,-0.002894035,0.4669751,0.0,0.0,0.0,0.0
224149445,224149343,-7.62986e-07,0.04748966,0.009511141,0.46680564,0.0,0.0,0.0,0.0
224253443,224253343,-0.003968237,0.09414086,-0.0047141737,0.46760723,0.0,0.0,0.0,0.0
224353449,224353343,0.0056446637,-0.13016978,0.0053912792,0.46761414,0.0,0.0,0.0,0.0
224453445,224453343,-0.06494943,0.15033749,0.0018497899,0.46712857,0.0,0.0,0.0,0.0
224557509,224557343,0.038568914,-0.13501734,-0.0016381297,0.46712413,0.0,0.0,0.0,0.0
224657504,224657343,-0.039467335,0.11166614,0.01118964,0.46754706,0.0,0.0,0.0,0.0
224757503,224757343,0.058175888,-0.06857103,-0.01071908,0.46754825,0.0,0.0,0.0,0.0
224862245,224862143,0.0029879622,-0.08494291,0.014392298,0.46754804,0.0,0.0,0.0,0.0
224962248,224962143,-0.002018299,0.109045506,-0.009573639,0.46754804,0.0,0.0,0.0,0.0
225062251,225062143,-0.029341208,-0.13167025,0.00996193,0.46754804,0.0,0.0,0.0,0.0
225166244,225166143,-0.020047896,0.12255408,0.0014717319,0.46754804,0.0,0.0,0.0,0.0
225266261,225266153,0.05010282,-0.081138864,0.0020139753,0.46754804,0.0,0.0,0.0,0.0
225370250,225370143,0.001672491,-0.048851985,0.0046744393,0.46754804,0.0,0.0,0.0,0.0
225470247,225470143,-0.011311674,0.09559106,-0.0006155195,0.46779633,0.0,0.0,0.0,0.0
225570248,225570143,-0.037327386,-0.14748757,0.0057178196,0.4742546,0.0,0.0,0.0,0.0
225674248,225674143,-0.036763895,0.13827012,0.0075509506,0.47711912,0.0,0.0,0.0,0.0
225775060,225774943,0.046169057,-0.091113955,-0.00018303283,0.48911536,0.0,0.0,0.0,0.0
225875054,225874943,-0.008928952,0.0744716,0.008855996,0.49035046,0.0,0.0,0.0,0.0
225979058,225978943,0.065621585,0.0679097,-0.009909077,0.49063227,0.0,0.0,0.0,0.0
226079059,226078943,-0.035877503,-0.11725359,0.006639583,0.49545515,0.0,0.0,0.0,0.0
226179062,226178943,-0.015712364,0.15029769,-0.002827911,0.5013685,0.0,0.0,0.0,0.0
226283062,226282944,0.0245535,-0.13252443,0.004579806,0.5047609,0.0,0.0,0.0,0.0
226383057,226382943,-0.03275738,0.12513918,0.0070808446,0.5078132,0.0,0.0,0.0,0.0
226483057,226482943,0.0814886,-0.10185701,-0.0027743594,0.5108877,0.0,0.0,0.0,0.0
226587845,226587743,-0.007606634,-0.04133113,0.008320475,0.5177989,0.0,0.0,0.0,0.0
226687935,226687744,0.012781922,0.06594272,-0.008916255,0.5224773,0.0,0.0,0.0,0.0
226787842,226787749,0.0063658427,-0.105398096,0.01243241,0.5302531,0.0,0.0,0.0,0.0
226891937,226891743,-0.06789975,0.215976,0.0003596259,0.5379769,0.0,0.0,0.0,0.0
226991848,226991743,0.032879457,-0.21709457,0.009494903,0.540867,0.0,0.0,0.0,0.0
227091846,227091743,-0.07705534,0.23386952,-0.0006443495,0.54452294,0.0,0.0,0.0,0.0
227195890,227195790,0.062224694,-0.15910597,0.011321589,0.54811645,0.0,0.0,0.0,0.0
227295846,227295743,-0.04193581,0.19302577,0.009213966,0.5548986,0.0,0.0,0.0,0.0
227399940,227399744,0.10389594,-0.048919693,-0.008185351,0.56381464,0.0,0.0,0.0,0.0
227500646,227500543,0.0009582471,0.052189507,0.009613135,0.5708109,0.0,0.0,0.0,0.0
227600648,227600543,0.06631809,-0.06435973,-0.008134391,0.5720549,0.0,0.0,0.0,0.0
227704654,227704543,-0.012405717,-0.09030059,0.020720609,0.57211506,0.0,0.0,0.0,0.0
227804643,227804543,0.10318799,0.0306088,-0.013556774,0.5721154,0.0,0.0,0.0,0.0
227904649,227904543,-0.006434095,-0.006480187,0.0138699515,0.57286024,0.0,0.0,0.0,0.0
228008637,228008543,0.0008315295,0.1812129,-0.0058171647,0.579669,0.0,0.0,0.0,0.0
228108652,228108553,0.0018252032,-0.14638923,0.0009925335,0.57932687,0.0,0.0,0.0,0.0
228208685,228208584,0.0021835268,0.08076948,-0.0065012556,0.5793268,0.0,0.0,0.0,0.0
228312643,228312543,-0.050257683,-0.24345052,0.0032848713,0.57932687,0.0,0.0,0.0,0.0
228413445,228413343,-0.0663063,0.17807226,-0.0051645385,0.5794047,0.0,0.0,0.0,0.0
228513443,228513343,0.017475165,-0.12764578,0.012435611,0.580948,0.0,0.0,0.0,0.0
228617506,228617343,-0.06168836,0.25480735,-0.0046806214,0.58173084,0.0,0.0,0.0,0.0
228717508,228717343,-0.01143725,-0.18908532,0.015709857,0.581732,0.0,0.0,0.0,0.0
228817504,228817343,0.033551186,0.08354077,-0.016598573,0.5817308,0.0,0.0,0.0,0.0
228921443,228921343,-0.07234095,-0.20125233,0.006514862,0.5817308,0.0,0.0,0.0,0.0
229021443,229021343,0.034774903,0.117982484,-0.014313652,0.5817308,0.0,0.0,0.0,0.0
229125447,229125343,-0.03791409,-0.23340957,0.010477801,0.5817308,0.0,0.0,0.0,0.0
229225473,229225343,-0.013361808,0.12822856,-0.021690115,0.5817308,0.0,0.0,0.0,0.0
229326246,229326143,0.016283054,-0.07446924,0.028794575,0.5817308,0.0,0.0,0.0,0.0
229430242,229430143,-0.05531965,0.1688607,-0.02471821,0.57922345,0.0,0.0,0.0,0.0
229530251,229530143,0.013204148,-0.09381324,0.019592276,0.57934284,0.0,0.0,0.0,0.0
229630242,229630147,0.09284373,0.009299792,-0.017744172,0.5793272,0.0,0.0,0.0,0.0
229734251,229734143,-0.022649959,-0.14320049,0.010408443,0.5793269,0.0,0.0,0.0,0.0
229834243,229834143,0.03657199,0.038474664,-0.010372474,0.5793269,0.0,0.0,0.0,0.0
229934253,229934143,0.011819841,0.0391739,0.018486146,0.5793269,0.0,0.0,0.0,0.0
230038243,230038143,0.05301986,0.08365385,-0.013782674,0.5787386,0.0,0.0,0.0,0.0
230138239,230138145,0.018408546,-0.032088973,0.010055807,0.5793258,0.0,0.0,0.0,0.0
230239060,230238943,0.13579929,-0.051829904,-0.0072166473,0.57932705,0.0,0.0,0.0,0.0
230343056,230342943,-0.010796809,-0.0978548,0.007661637,0.5810001,0.0,0.0,0.0,0.0
230443056,230442943,0.11078436,-0.012600623,-0.011141611,0.5817125,0.0,0.0,0.0,0.0
230543057,230542943,0.0098156,0.058596686,0.010365213,0.5817321,0.0,0.0,0.0,0.0
230647060,230646943,0.10758767,0.020243272,-0.010572623,0.5817308,0.0,0.0,0.0,0.0
230747051,230746943,0.024004355,0.034359895,0.005501813,0.6055638,0.0,0.0,0.0,0.0
230851061,230850943,0.06293198,0.08361803,-0.0009037324,0.6062407,0.0,0.0,0.0,0.0
230951052,230950943,0.011522913,-0.04037045,-0.0044389903,0.6082187,0.0,0.0,0.0,0.0
231051055,231050943,0.14808674,-0.04723294,0.0038902569,0.6182069,0.0,0.0,0.0,0.0
231151845,231151743,0.016806496,0.15277077,-0.003434777,0.6177816,0.0,0.0,0.0,0.0
231255890,231255790,0.13635656,-0.04922119,0.0032383893,0.6177882,0.0,0.0,0.0,0.0
231355849,231355743,-0.08156124,0.14574315,0.014217609,0.62405676,0.0,0.0,0.0,0.0
231459843,231459743,0.12640737,-0.053465996,-0.01577311,0.6237584,0.0,0.0,0.0,0.0
231559846,231559743,-0.012817142,0.18340904,0.021537377,0.62379813,0.0,0.0,0.0,0.0
231659845,231659743,0.1677726,-0.22805712,-0.011225767,0.6237981,0.0,0.0,0.0,0.0
231763848,231763743,0.016771575,0.18347946,0.022105426,0.6281212,0.0,0.0,0.0,0.0
231863843,231863743,0.14160758,-0.24853408,-0.0030557727,0.6360692,0.0,0.0,0.0,0.0
231963843,231963743,-0.12939627,0.322759,0.009323282,0.63515747,0.0,0.0,0.0,0.0
232068646,232068543,0.202796,-0.27550825,0.004251914,0.63584304,0.0,0.0,0.0,0.0
232168643,232168543,-0.112977296,0.36916015,0.01051627,0.63498133,0.0,0.0,0.0,0.0
232268658,232268543,-0.005264472,-0.34484005,0.002053304,0.63549995,0.0,0.0,0.0,0.0
232372648,232372543,-0.15406719,0.35456544,0.012577959,0.63581157,0.0,0.0,0.0,0.0
232472646,232472543,-0.036291417,-0.33536613,-0.004560424,0.63536125,0.0,0.0,0.0,0.0
232576652,232576543,-0.16885902,0.33898064,0.017928356,0.6358093,0.0,0.0,0.0,0.0
232676653,232676543,-0.055593528,-0.31118175,0.0008683421,0.63581735,0.0,0.0,0.0,0.0
232776647,232776543,-0.052126173,0.23507805,-0.001993863,0.63832706,0.0,0.0,0.0,0.0
232877504,232877343,0.015375859,-0.13141975,0.013313607,0.64783,0.0,0.0,0.0,0.0
232981447,232981343,-0.043380946,0.19678861,-0.0007528304,0.6697641,0.0,0.0,0.0,0.0
233081443,233081343,0.00922567,-0.073403545,0.011548158,0.6682852,0.0,0.0,0.0,0.0
233185448,233185343,0.06330196,0.0893573,-0.0049605947,0.6695609,0.0,0.0,0.0,0.0
233285443,233285343,-0.020750402,0.020085461,0.007574602,0.6694723,0.0,0.0,0.0,0.0
233385447,233385345,0.19897473,-0.18421403,-0.0016247125,0.6752704,0.0,0.0,0.0,0.0
233489452,233489344,0.0043322556,0.14015006,0.007405006,0.680164,0.0,0.0,0.0,0.0
233589451,233589343,0.23666157,-0.25683397,0.0072309338,0.6851628,0.0,0.0,0.0,0.0
233689454,233689349,-0.06819262,0.35681152,0.0073946943,0.69027877,0.0,0.0,0.0,0.0
233794245,233794143,0.20840164,-0.33374017,0.01631675,0.6966739,0.0,0.0,0.0,0.0
233894246,233894143,-0.16762409,0.35794938,0.015848875,0.6971069,0.0,0.0,0.0,0.0
233994248,233994143,-0.05272916,-0.33979878,-0.01002503,0.69736373,0.0,0.0,0.0,0.0
234098246,234098144,-0.19595212,0.36544794,0.018624838,0.7046585,0.0,0.0,0.0,0.0
234198246,234198143,-0.06816901,-0.26707834,-0.019698456,0.70788044,0.0,0.0,0.0,0.0
234302250,234302143,-0.078370236,0.3161483,0.021135874,0.7079338,0.0,0.0,0.0,0.0
234402246,234402143,0.0048549008,-0.19203687,-0.00091903587,0.7079328,0.0,0.0,0.0,0.0
234502241,234502144,0.090127155,0.010930665,-0.016702194,0.7081811,0.0,0.0,0.0,0.0
234606243,234606143,-0.003624258,-0.08969754,0.015710553,0.7151218,0.0,0.0,0.0,0.0
234707055,234706943,0.17021073,-0.116902344,-0.020522393,0.723532,0.0,0.0,0.0,0.0
234807062,234806944,-0.05956643,0.29158318,0.01652194,0.72355646,0.0,0.0,0.0,0.0
234911063,234910943,0.21957931,-0.23358417,0.002117661,0.72439426,0.0,0.0,0.0,0.0
235011060,235010943,-0.17234617,0.32114244,0.010036802,0.7314616,0.0,0.0,0.0,0.0
235111068,235110943,-0.028073553,-0.3427695,0.0044363914,0.7347258,0.0,0.0,0.0,0.0
235215054,235214943,-0.13273829,0.35170516,0.009027778,0.7417818,0.0,0.0,0.0,0.0
235315053,235314943,-0.08658089,-0.3255065,-0.00052996515,0.74233204,0.0,0.0,0.0,0.0
235415054,235414943,-0.021509182,0.20580629,-0.0003544602,0.7472535,0.0,0.0,0.0,0.0
235519057,235518943,0.004321076,-0.21620356,-0.012593398,0.74773026,0.0,0.0,0.0,0.0
235619846,235619743,0.11375618,0.062942296,-0.0036936505,0.7689159,0.0,0.0,0.0,0.0
235719848,235719743,-0.018370327,0.1327692,0.014362048,0.7692139,0.0,0.0,0.0,0.0
235823965,235823744,0.16309662,-0.09106311,-0.014296149,0.77054846,0.0,0.0,0.0,0.0
235923889,235923793,-0.041513734,0.25576138,0.023905363,0.8068712,0.0,0.0,0.0,0.0
236023837,236023743,0.12208129,-0.35735023,0.0036333208,0.80874044,0.0,0.0,0.0,0.0
236127895,236127791,-0.16943392,0.3327622,0.007062286,0.80889297,0.0,0.0,0.0,0.0
236227846,236227743,0.0075709186,-0.3553335,0.0071008364,0.80889416,0.0,0.0,0.0,0.0
236331843,236331743,-0.14810069,0.35490635,0.0029700825,0.8172528,0.0,0.0,0.0,0.0
236431846,236431743,-0.09177704,-0.3436354,-0.0037407523,0.81896603,0.0,0.0,0.0,0.0
236532645,236532543,0.028170757,0.19054149,0.008841355,0.8381313,0.0,0.0,0.0,0.0
236636651,236636543,0.005115552,-0.20407382,-0.012591093,0.8496927,0.0,0.0,0.0,0.0
236736646,236736543,0.1626547,-0.004717715,0.008205695,0.8558342,0.0,0.0,0.0,0.0
236836646,236836543,0.0043255202,0.18627352,-0.0005394566,0.8633073,0.0,0.0,0.0,0.0
236940647,236940544,0.17753571,-0.14785017,0.002199059,0.8654321,0.0,0.0,0.0,0.0
237040643,237040543,-0.16414443,0.31084156,0.008495871,0.86687523,0.0,0.0,0.0,0.0
237140652,237140543,0.076795325,-0.35805517,-0.01114668,0.8824306,0.0,0.0,0.0,0.0
237244644,237244550,-0.13266347,0.36118242,0.020052785,0.9003214,0.0,0.0,0.0,0.0
237344679,237344583,-0.046930246,-0.34948897,-0.010965963,0.9102263,0.0,0.0,0.0,0.0
237445439,237445343,-0.05370669,0.23434299,4.2533386e-05,0.90984166,0.0,0.0,0.0,0.0
237549443,237549343,-0.07041244,-0.2651719,0.007890161,0.922776,0.0,0.0,0.0,0.0
237649449,237649343,0.09719612,0.03841676,-0.012410779,0.9230371,0.0,0.0,0.0,0.0
237749443,237749343,0.0006417651,0.17299014,0.0026879201,0.92725956,0.0,0.0,0.0,0.0
237853449,237853343,0.18315382,-0.13741216,0.00090632826,0.9400222,0.0,0.0,0.0,0.0
237953444,237953343,-0.06835473,0.3013334,3.6714075e-05,0.9515446,0.0,0.0,0.0,0.0
238057506,238057343,0.2293423,-0.27207503,0.011493002,0.96372056,0.0,0.0,0.0,0.0
238157504,238157343,-0.127095,0.34128398,-0.000538105,0.96928227,0.0,0.0,0.0,0.0
238257504,238257343,-0.025786977,-0.34908083,0.0016949826,0.9799199,0.0,0.0,0.0,0.0
238362251,238362144,-0.20904955,0.3879377,0.0052932347,0.99144727,0.0,0.0,0.0,0.0
238462243,238462143,0.01074481,-0.2369556,-0.0014439165,1.0,0.0,0.0,0.0,0.0
238562249,238562143,0.06916493,0.057034284,0.0012437116,1.0,0.0,0.0,0.0,0.0
238666257,238666155,-0.00834742,-0.12132689,-0.0031695468,0.99999964,0.0,0.0,0.0,0.0
238766246,238766143,0.12035843,-0.10396564,-0.015942357,1.0,0.0,0.0,0.0,0.0
238866254,238866143,-0.05197557,0.2670311,0.021719225,1.0,0.0,0.0,0.0,0.0
238970246,238970143,0.17559184,-0.21662447,-0.009293716,1.0,0.0,0.0,0.0,0.0
239070243,239070143,-0.14528222,0.34299663,0.0040568863,1.0,0.0,0.0,0.0,0.0
239174256,239174143,0.14163741,-0.3255768,0.014920886,1.0,0.0,0.0,0.0,0.0
239275054,239274943,-0.15404943,0.34508362,-0.007665994,1.0,0.0,0.0,0.0,0.0
239375060,239374943,-0.03435318,-0.26940137,-0.0040393616,1.0,0.0,0.0,0.0,0.0
239475065,239474944,0.057358805,0.11096059,-0.0031918054,1.0,0.0,0.0,0.0,0.0
239579062,239578943,-0.053213976,-0.1571467,-0.0015191159,1.0,0.0,0.0,0.0,0.0
239679056,239678943,0.1331093,-0.05880374,-0.012022996,1.0,0.0,0.0,0.0,0.0
239783059,239782943,-0.020918958,0.005559735,0.00029621017,1.0,0.0,0.0,0.0,0.0
239883054,239882943,0.17438193,-0.16922465,0.005319527,1.0,0.0,0.0,0.0,0.0
239983059,239982943,-0.11438763,0.27700222,0.005296331,1.0,0.0,0.0,0.0,0.0
240087056,240086943,0.1694292,-0.25564113,0.004543385,1.0,0.0,0.0,0.0,0.0
240187873,240187768,-0.13384423,0.31851637,0.0017965352,1.0,0.0,0.0,0.0,0.0
240287843,240287743,-0.04128737,-0.3304274,-0.009601699,1.0,0.0,0.0,0.0,0.0
240391846,240391743,-0.12061824,0.31121725,0.0058951043,1.0,0.0,0.0,0.0,0.0
240491843,240491743,-0.078912795,-0.23020305,-0.008478063,1.0,0.0,0.0,0.0,0.0
240591848,240591743,0.12005552,0.024158537,0.0010228106,1.0,0.0,0.0,0.0,0.0
240695846,240695743,0.045676157,-0.12675296,-0.0046527428,1.0,0.0,0.0,0.0,0.0
240795846,240795743,0.16469853,-0.09169114,-0.017497258,0.99498045,0.0,0.0,0.0,0.0
240895847,240895743,-0.0901219,0.23178306,0.021649795,0.9928431,0.0,0.0,0.0,0.0
240999893,240999790,0.20007479,-0.19438687,-0.004199621,0.99033785,0.0,0.0,0.0,0.0
241101452,241101343,-0.08795492,0.27949768,0.0037697866,0.9857945,0.0,0.0,0.0,0.0
241201443,241201343,0.06033305,-0.31307843,0.008029876,0.97087806,0.0,0.0,0.0,0.0
241305450,241305343,-0.14397979,0.30992746,-0.0036502602,0.9573137,0.0,0.0,0.0,0.0
241405443,241405343,-0.048831187,-0.307328,-0.0006537101,0.9480722,0.0,0.0,0.0,0.0
241505447,241505343,-0.06719902,0.22985657,0.0023372555,0.9401656,0.0,0.0,0.0,0.0
241609446,241609343,-0.0122201955,-0.2589109,-0.005170207,0.9192692,0.0,0.0,0.0,0.0
241710258,241710150,0.053058535,0.12623551,-0.005974737,0.91258806,0.0,0.0,0.0,0.0
241810249,241810143,-0.040816914,0.008923829,-0.0026169769,0.8902327,0.0,0.0,0.0,0.0
241914248,241914143,0.1356951,-0.016225435,-0.005299722,0.8761074,0.0,0.0,0.0,0.0
242014244,242014143,-0.11159441,0.1660563,0.0035442342,0.8582355,0.0,0.0,0.0,0.0
242118248,242118149,0.18666054,-0.124005504,-0.0017642679,0.8483109,0.0,0.0,0.0,0.0
242218237,242218143,-0.12413125,0.25598618,0.015036394,0.84109056,0.0,0.0,0.0,0.0
242318242,242318143,0.046578787,-0.30347317,0.0006859172,0.8093049,0.0,0.0,0.0,0.0
242422251,242422143,-0.12908193,0.30560875,0.007209507,0.7822364,0.0,0.0,0.0,0.0
242522261,242522143,-0.0056520775,-0.32286772,0.006551672,0.7551625,0.0,0.0,0.0,0.0
242623893,242623790,-0.053059794,0.297458,-0.006433268,0.7513152,0.0,0.0,0.0,0.0
242723846,242723743,-0.034605477,-0.2513036,-0.001515978,0.7410831,0.0,0.0,0.0,0.0
242827846,242827743,-0.009410385,0.27087203,-0.0023409324,0.72222507,0.0,0.0,0.0,0.0
242927848,242927743,-0.030194007,-0.16322318,-0.008199677,0.6826799,0.0,0.0,0.0,0.0
243027842,243027744,0.15099844,0.004648529,-0.0042072013,0.6631673,0.0,0.0,0.0,0.0
243131847,243131743,0.002867179,-0.11880927,-0.0029675546,0.6541125,0.0,0.0,0.0,0.0
243231846,243231743,0.20171429,-0.06313353,-0.0150951035,0.6319869,0.0,0.0,0.0,0.0
243332649,243332543,-0.058065213,0.11873299,0.008770747,0.62759745,0.0,0.0,0.0,0.0
243436643,243436543,0.1749231,-0.05371712,-0.010920055,0.6112649,0.0,0.0,0.0,0.0
243536646,243536543,-0.07713383,0.08630998,0.005472652,0.6003881,0.0,0.0,0.0,0.0
243636656,243636543,0.12051512,-0.10085718,-0.0013463111,0.5914685,0.0,0.0,0.0,0.0
243740645,243740543,-0.09909692,-0.015056841,0.0076646754,0.5837104,0.0,0.0,0.0,0.0
243840649,243840543,0.119837716,-0.012843672,-0.008800203,0.5706017,0.0,0.0,0.0,0.0
243944658,243944543,-0.051618364,-0.1348266,0.0073016747,0.5610533,0.0,0.0,0.0,0.0
244044643,244044543,0.12691262,0.092499144,-0.003722738,0.54193634,0.0,0.0,0.0,0.0
244144646,244144543,-0.07004899,-0.13910173,-0.0010771467,0.5251949,0.0,0.0,0.0,0.0
244245445,244245343,0.0924232,0.10468318,0.0032833987,0.5225955,0.0,0.0,0.0,0.0
244349457,244349360,-0.034525275,-0.0083392095,-0.002967501,0.51226544,0.0,0.0,0.0,0.0
244449487,244449391,-0.0088503435,-0.021189503,0.003515721,0.4913804,0.0,0.0,0.0,0.0
244553446,244553343,0.034363396,0.12119694,-0.008271246,0.47244948,0.0,0.0,0.0,0.0
244653446,244653343,0.017434988,-0.1459203,-0.003189213,0.4573406,0.0,0.0,0.0,0.0
244753444,244753344,0.053797014,0.12574996,0.005591158,0.4434447,0.0,0.0,0.0,0.0
244857506,244857343,0.0065253363,-0.044176806,-0.006007779,0.4435453,0.0,0.0,0.0,0.0
244957506,244957343,0.008893578,-0.010979876,-0.00028177083,0.41597804,0.0,0.0,0.0,0.0
245057509,245057343,0.065159656,0.05075039,-0.0026561166,0.41204292,0.0,0.0,0.0,0.0
245162255,245162154,-0.009051766,-0.12837037,-0.004422377,0.39032003,0.0,0.0,0.0,0.0
245262243,245262143,0.01180776,0.056813587,0.00037932908,0.38460162,0.0,0.0,0.0,0.0
245362254,245362143,-0.01699869,-0.013636379,-0.0033110422,0.37799203,0.0,0.0,0.0,0.0
245466246,245466143,-0.0044871825,-0.10539285,0.00012576382,0.37366885,0.0,0.0,0.0,0.0
245566239,245566144,0.025535535,0.053698905,-0.0022177931,0.3599388,0.0,0.0,0.0,0.0
245670253,245670143,-0.0035115078,0.010859128,-0.0021426142,0.3381061,0.0,0.0,0.0,0.0
245770247,245770143,0.010937291,-0.05537137,0.00057011325,0.32284233,0.0,0.0,0.0,0.0
245870259,245870155,0.032809403,0.07453894,-0.0018783514,0.3218185,0.0,0.0,0.0,0.0
245974250,245974143,0.02186447,0.003094879,0.001878788,0.30622345,0.0,0.0,0.0,0.0
246075045,246074945,0.018799525,-0.057870742,-0.00028256825,0.3032274,0.0,0.0,0.0,0.0
246175058,246174943,0.0023261975,0.0552691,0.0013816459,0.2786791,0.0,0.0,0.0,0.0
246279057,246278943,0.014220431,0.04798969,-0.0008045347,0.2622819,0.0,0.0,0.0,0.0
246379059,246378943,0.0067095915,-0.064036325,-0.00033391878,0.23106296,0.0,0.0,0.0,0.0
246479057,246478943,-0.0032319794,-0.023490971,-0.0009062553,0.20297867,0.0,0.0,0.0,0.0
246583054,246582943,0.0027542831,0.022872766,0.00015440327,0.18121709,0.0,0.0,0.0,0.0
246683055,246682943,-0.014149482,-0.0033500683,0.00047723227,0.14319465,0.0,0.0,0.0,0.0
246783054,246782943,-0.011652479,-0.03330636,-0.0008201654,0.123934664,0.0,0.0,0.0,0.0
246887844,246887743,0.005949347,-0.011562793,0.00025024725,0.04433987,0.0,0.0,0.0,0.0
246987842,246987743,0.0051234877,0.012503953,0.00022236805,0.00025344035,0.0,0.0,0.0,0.0
247087846,247087743,-0.029540813,-0.0017527984,0.000864277,4.3611697e-05,0.0,0.0,0.0,0.0
247191835,247191743,0.034772087,-0.0061941263,-0.00078536186,1.9577217e-06,0.0,0.0,0.0,0.0
247291839,247291743,0.044445474,-0.0054874914,-0.0005133351,0.0,0.0,0.0,0.0,0.0
247391838,247391744,0.035969444,-0.0026509732,0.0006576227,0.0,0.0,0.0,0.0,0.0
247495859,247495748,0.049973153,-0.003603915,-0.016071824,0.0,0.0,0.0,0.0,0.0
247595844,247595743,0.024045665,-0.005215764,-1.8853596,7.554434e-13,0.0,0.0,0.0,0.0
247699842,247699743,0.016088733,-0.0042448016,-1.8785272,1.9193983e-14,0.0,0.0,0.0,0.0
247800647,247800543,0.012815984,-0.0014897776,-1.8842238,1.0929727e-16,0.0,0.0,0.0,0.0
247900641,247900543,0.008388977,-0.0038526452,-1.8843923,0.0,0.0,0.0,0.0,0.0
248004656,248004543,0.015783574,-0.0037677283,-1.8856026,0.0,0.0,0.0,0.0,0.0
248104642,248104543,0.011158341,-0.0058825193,-1.8840766,0.0,0.0,0.0,0.0,0.0
248204642,248204543,-0.009330731,-0.0031354094,-1.8839419,3.1596038e-22,0.0,0.0,0.0,0.0
248308645,248308543,-0.0004367875,-0.0044067632,-1.8850955,5.2087283e-24,0.0,0.0,0.0,0.0
248408642,248408543,-0.032396246,-0.0015134797,-1.8836682,0.0,0.0,0.0,0.0,0.0
248512638,248512543,-0.024589363,-0.0031497406,-1.8849088,0.0,0.0,0.0,0.0,0.0
248612640,248612544,-0.034188315,-0.0016240978,-1.884698,0.0,0.0,0.0,0.0,0.0
248713444,248713343,-0.023608016,0.0006897451,-1.8834442,5.5262938e-31,0.0,0.0,0.0,0.0
248813443,248813344,-0.024463648,0.0047510914,-1.8482035,2.9046318e-32,0.0,0.0,0.0,0.0
248917526,248917343,-0.016630573,0.0046836627,-1.8348103,6.6384496e-34,0.0,0.0,0.0,0.0
249017502,249017343,-0.0015269545,-0.0049241073,-1.8584664,3.7028861e-37,0.0,0.0,0.0,0.0
249117503,249117344,-0.0014999632,0.0014073097,-1.8436722,0.0,0.0,0.0,0.0,0.0
249221446,249221343,-0.0009398537,0.0015049961,-1.8163909,1.084812e-38,0.0,0.0,0.0,0.0
249321475,249321343,0.0007215758,0.0040237163,-1.8426174,4.93295e-40,0.0,0.0,0.0,0.0
249425480,249425348,-7.550561e-05,0.0022879445,-1.8476351,1.2818e-41,0.0,0.0,0.0,0.0
249525445,249525343,-0.00026221733,-0.0014065915,-0.8097933,0.0,0.0,0.0,0.0,0.0
249627055,249626943,0.0001289334,-0.0012768437,-0.06426402,0.0,0.0,0.0,0.0,0.0
